LocationID;Nazwa
522784;Jana matejki
423492;Sokratesa
268629;Piotra wysockiego
406527;Kościeszów
539953;Jana kazimierza
420463;Stanisława smolki
267888;Jana pawła woronicza
319044;Gen. klemensa stanisława rudnickiego
333692;Mokotowska
513374;Marcina kasprzaka
303635;Przylaszczkowa
528896;Dzięcieliny
319662;Poloneza
365281;Poematu
411599;Jazgarzewska
290527;Kolejowa
512897;Marcina z wrocimowic
510885;Promienista
292284;Łopuszańska
383158;Seweryna krzyżanowskiego
426753;Bluszczańska
478151;Warzelnicza
306821;Chodzieska
456007;Marywilska
277207;Józefa lewartowskiego
455598;Popularna
475551;Jasiniec
424123;Fort służew
517216;Bokserska
308119;Mydlarska
457692;Braci załuskich
320257;Chełmska
445985;Sarmacka
261950;Bruzdowa
453893;Poczty gdańskiej
425983;Zeusa
278233;Gen. tadeusza bora-komorowskiego
459367;Domaniewska
345867;Posag 7 panien
305984;Szumiących traw
265931;Herbu oksza
529887;Krochmalna
341419;Karola taylora
281133;Krzewna
348381;Ostródzka
354331;Duninów
320580;Dzielna
535159;Ks. jerzego popiełuszki
269258;Kopalniana
472089;Dionizosa
363783;Małych dębów
296180;Białej koniczyny
539326;Ruczaj
311775;Ryżowa
351091;Żelazna
308634;Bernardyńska
324086;Toruńska
447249;Pawła włodkowica
481632;Mińska
348830;Aleje jerozolimskie
493132;Równoległa
352261;Podskarbińska
531173;"Aleja \solidarności"""
400545;Szeligowska
540958;Ludwiki
536076;Aleja jana pawła ii
407491;Jana wasilkowskiego
543273;Aleje jerozolimskie
403782;Szybka
259559;Rondo legii warszawa
541553;Zasadowa
285886;Złota
347772;Antoniego józefa madalińskiego
380207;Fabryczna
356004;Przy agorze
330157;Mroczna
428468;Białołęcka
455553;Kałuszyńska
481338;Goździków
283476;Pożarowa
451903;Grzybowska
422791;Karmelicka
419411;Flisaków
305833;Rynek starego miasta
457473;Szlenkierów
409862;Jana maklakiewicza
499679;Tadeusza korzona
274762;Winorośli
325461;Bielańska
312996;Wolińska
357125;Wybrańska
417177;Aleksandra gieysztora
332315;Aleja wilanowska
549886;Rozbrat
419049;Lazurowa
346322;Kazachska
339489;Stanisława mikołajczyka
316520;Mikołaja kopernika
278843;Postępu
436380;Wspólna
458059;Powsińska
496358;Józefa sierakowskiego
382631;Niewielka
454540;Krzywe koło
330272;Chmielna
532292;Antoniego kocjana
350841;Jana rosoła
310569;Czarnomorska
378988;Skoroszewska
488143;Aleja gen. władysława sikorskiego
358379;Czereśniowa
356213;Belwederska
476345;Jana nowaka-jeziorańskiego
526692;Zaolziańska
416577;Mikołaja trąby
406107;Jana kochanowskiego
337543;Poleska
414023;Ks. jana sitnika
540307;Ostrobramska
332756;Bokserska
297742;Zwycięzców
345964;Strumykowa
427238;Optyków
498449;Skarbka z gór
356178;Obozowa
340564;Wilcza
288944;Józefa mehoffera
536932;Jutrzenki
437816;Dywizjonu 303
354170;Batystowa
304848;Wilczy dół
270433;Stanisława noakowskiego
527402;Górczewska
397494;Świętojerska
341471;Walerego sławka
394898;1 plm warszawa
519869;Lwa tołstoja
344786;Aleja prymasa tysiąclecia
386981;Hanki czaki
482831;Gizów
437070;Waliców
528013;Szpacza
540838;Władysława korotyńskiego
312436;Sielecka
414593;Puławska
376409;Szamoty
340289;Aleja komisji edukacji narodowej
518081;Aleja rzeczypospolitej
398626;Hubalczyków
385380;Władysława orkana
301263;Adama mickiewicza
378800;Krasnobrodzka
513435;Nowolipki
500428;Juliana ursyna niemcewicza
259230;Michała oczapowskiego
485436;Henryka raabego
285024;Jagiellońska
354538;Skaryszewska
502982;Tadeusza krępowieckiego
526748;Kleczewska
433579;Aleja niepodległości
393185;Solec
299615;Chmielna
267977;Nowiniarska
323759;Jana kasprowicza
299376;Zygmunta krasińskiego
519985;Jugosłowiańska
460137;Przyjacielska
288683;Młynarska
517033;Kaliska
373232;Przasnyska
466790;Bolkowska
319629;Łowicka
399700;Wolska
468324;Chełmżyńska
546753;Rtm. witolda pileckiego
314942;Kubańska
385555;Radziwie
353968;Grójecka
288453;Talarowa
320298;Benedykta hertza
360514;Janusza meissnera
372896;Kinowa
500157;Powstańców śląskich
551085;Edmunda jana osmańczyka
321379;Zawiszy
420582;Bolesławicka
424881;Śreniawitów
482588;Ludwika kondratowicza
433493;Szwedzka
481516;Aleja niepodległości
372010;Kurantów
313475;Melchiora wańkowicza
457612;Adolfa suligowskiego
286522;Bartycka
485626;Borsucza
424009;Hilarego koprowskiego
453532;Ciepielowska
427345;Obrońców tobruku
466437;Bombardierów
332037;Kijowska
502651;Śliska
449436;Wojciecha górskiego
355391;Jana olbrachta
269815;Wyględowska
349336;Tarchomińska
390386;Sardyńska
273512;Asfaltowa
268119;Gen. józefa zajączka
334639;Lutniowa
473335;Kazimierza jeżewskiego
334820;Walentego skorochód-majewskiego
501338;Sonaty
377827;Bitwy warszawskiej 1920 r.
425779;Konik polny
397738;Żwirki i wigury
531324;Bytomska
458171;Malborska
273485;Uroczysko
430505;Adama branickiego
474887;Egejska
457657;Odkryta
346580;Antoniego edwarda odyńca
399380;Budki szczęśliwickie
349006;Dolna
463260;Górna droga
368317;Jana iii sobieskiego
372822;Niska
268574;Elektoralna
493244;Krasiczyńska
410441;Aleksandra kotsisa
410634;Karolkowa
539531;Batalionów chłopskich
459350;Zagójska
438321;Stępińska
485602;Zapustna
351301;Ks. juliana chrościckiego
517457;Władysława broniewskiego
272066;Rajska
324045;Mieczysława wolfkego
495087;Złotopolska
492345;Obrzeżna
453617;Wałbrzyska
440043;Pirenejska
339058;Wierna
282568;Banioska
424304;Międzynarodowa
400862;Iberyjska
284762;Klasyków
539844;Aluzyjna
350751;Jana iii sobieskiego
280462;Kartograficzna
382696;Jana husa
404306;Żupnicza
549139;Pszczyńska
366200;Kazimierza gierdziejewskiego
510605;Mochtyńska
390624;Pandy
319980;Nałęczowska
282009;Kabacki dukt
514040;Modlińska
364242;Marymoncka
386285;Oczary
353055;Aleja jerzego waszyngtona
438354;Melsztyńska
394720;Cieszyńska
293197;Dedala
482571;I poprzeczna
492557;Floriana znanieckiego
338283;Draceny
531212;Jerzego bajana
472669;Władysława jagiełły
503354;Koźla
423956;Mangalia
344279;Różana
350442;Władysława broniewskiego
345459;Ludwika hirszfelda
287949;Adama jarzębskiego
346859;Zwoleńska
484709;Stefana dembego
459174;Luciana pavarottiego
434116;Zagórzańska
437031;Chłodna
504134;Rokokowa
388089;Saska
539640;Bagno
385356;Za łąkami
461189;Białej floty
529285;Sękocińska
542623;Majdańska
301920;Żytnia
427545;Xawerego dunikowskiego
332182;Chodecka
265758;Belgradzka
308434;Ogrodowa
519202;Pasłęcka
414096;Kwitnąca
481422;Jerzego ficowskiego
420722;Marszałkowska
479016;Ludwika narbutta
514759;Terespolska
521276;Janowiecka
272438;Zygmunta modzelewskiego
473369;Aleja wyzwolenia
474042;Światowida
452940;Wawrzyńca surowieckiego
397525;Irlandzka
319737;Zielone zacisze
536802;Konińska
261457;Płosa
353030;Wąwozowa
536563;Zapłocie
531069;Opoczyńska
521179;Józefa elsnera
438992;Foksal
545653;Komputerowa
418038;Korkowa
308776;Edwarda gibalskiego
295727;Dymińska
406588;Balladyny
308447;Jana piekałkiewicza
323118;Podchorążych
358796;Topiel
472616;Mjr. henryka sucharskiego
509282;Wita stwosza
504338;Marca polo
278791;Aleja władysława reymonta
448794;Stanisława kazury
442243;Josepha conrada
287293;Apenińska
496773;Michała kleofasa ogińskiego
349161;Starowiślna
273487;Szlifierska
463251;Bednarska
384397;Vincenta van gogha
362492;Płochocińska
463585;Makolągwy
280207;Tomcia palucha
370665;Palestyńska
453292;Braci wagów
302027;Polki
352514;Suwalska
551352;Chrystiana piotra aignera
527860;Neseberska
523926;Czerwonych maków
525231;Białego dębu
358868;Fryderyka joliot-curie
497617;Adama naruszewicza
351660;Gen. tadeusza pełczyńskiego
273027;Bachmacka
424497;Brzeska
286687;Sprawna
319602;Solipska
526319;Nowoursynowska
421674;Fortowa
399667;Św. wincentego
492767;Pod strzechą
503898;Spacerowa
346058;Antonia corazziego
258679;Barska
350844;Biesiadna
329885;Bartłomieja
390235;Jana pawła ii
322338;Indiry gandhi
303179;Celulozy
449106;Podłużna
464545;Górska
490141;Zygmunta słomińskiego
444743;Aleksandra świętochowskiego
414171;Walecznych
315872;Heroldów
419668;Gorlicka
261040;Przewodowa
297441;Twarda
280746;Kameralna
428164;Pola karolińskie
410101;Górczewska
526637;Elbląska
524127;Włodarzewska
495376;Williama szekspira
402288;Prałatowska
404393;Bonifraterska
409866;Wojciecha żywnego
386377;Bitwy pod rokitną
345478;Wyspowa
333313;Tadeusza rechniewskiego
396390;Krokwi
372157;Wrocławska
497326;Władysława bełzy
399018;Okopowa
414992;Dzielna
449410;Józefa szanajcy
414510;Targowa
259820;Baśniowa
448407;Cybernetyki
402639;Władysława okińskiego
277626;Nowodworska
548316;Plac przymierza
452070;Wolność
400318;Kamyk
340225;Pieskowa skała
520081;Kluczborska
523757;Pałuków
515097;Wacława tokarza
285322;Aleje jerozolimskie
259794;Dynarska
500849;Czerniakowska
353109;Przemysłowa
389817;Ogólna
300830;Gwiaździsta
351572;Artura grottgera
465227;Klarysewska
451243;Jana szymczaka
273149;Adama pługa
397321;Potulicka
516789;Prymasa augusta hlonda
486059;Anyżkowa
531290;Hoża
326270;Romualda mielczarskiego
516005;Kniei
511840;Michała okurzałego
402900;Bronisława czecha
354684;Mariana keniga
313240;Rodziny połanieckich
349487;Jerzego zaruby
311617;Blacharska
489701;Niegocińska
436127;Miedza
424236;Pod brzozami
525127;Franciszka kostrzewskiego
332622;Kartaginy
473219;Maszynowa
533076;Witolińska
393186;Wiolinowa
278957;Górnośląska
291479;Aleksandra kowalskiego
354918;Józefa chełmońskiego
265060;Łojewska
389986;Hansa christiana andersena
361128;Szegedyńska
434879;Berezyńska
343743;Gen. waleriana czumy
284047;Służby polsce
450444;1 maja
305143;Alojzego felińskiego
453054;Przy lasku
266976;Urocza
493133;Aleja 3 maja
382002;Radiowa
298323;Samarytanka
510131;Siedmiogrodzka
383291;Obwodowa
544389;Aleja wilanowska
465048;Gumińska
316753;Fryderyka chopina
383514;Zdrowa
435818;Cecylii śniegockiej
483917;Tajemna
500516;Smoleńska
434543;Kłobucka
287675;Franciszka ksawerego dmochowskiego
511719;Klinkierowa
403020;Józefa sowińskiego
273136;Baborowska
371127;Wał miedzeszyński
452161;Fantazyjna
427832;Szamocka
276531;Jana czeczota
326858;Stanisława herbsta
496075;Św. urszuli ledóchowskiej
505164;Filtrowa
310319;Bukowińska
289969;Kazimierza deyny
439265;Łukowska
440335;Pokorna
448745;Franciszka raszei
292960;Aleja armii ludowej
320021;Biskupia
508177;Starowiejska
364478;Belgijska
337369;Dobra
526045;Syreny
500331;Sándora petöfiego
364749;Pawia
506802;Łukowa
527420;Fort wola
296315;Podbipięty
349836;Karola szymanowskiego
370933;Grzybowa
536105;Łucka
505714;Śniardwy
337552;Skierniewicka
282279;Adolfa pawińskiego
459009;Markowska
465626;"Dywizjonu ak \jeleń"""
493217;Grochowska
454328;Dorycka
544393;Karola dickensa
269147;Erazma ciołka
404801;Edwarda habicha
491796;Silnikowa
375737;Związku walki młodych
468448;Wiktorska
266073;Mołdawska
536035;Jeździecka
501526;Mańkowska
427038;Kazimierza szałasa
308796;Stanisława wyspiańskiego
283691;Geometryczna
459816;Bystra
352692;Platynowa
511033;Aleksandra fleminga
483227;Stawki
357081;Franciszka kawy
511459;Zadumana
409803;Wiejska
274030;Racławicka
425949;Opinogórska
260022;Przylesie
266111;Jana kilińskiego
276192;Kielecka
520343;Bełdan
285583;Rybałtów
491282;Starej baśni
336424;Pilchowicka
494281;Sąchocka
378641;Liwska
344833;Gen. władysława andersa
295745;Na uboczu
282319;Żytomierska
393103;Gubinowska
382489;Literacka
332176;Stefana żeromskiego
357506;Komorska
388072;Nike
380630;Rabindranatha tagore
525150;Orlich gniazd
473035;Grzybowska
330262;Garwolińska
458087;Św. andrzeja boboli
394254;Twórcza
472815;Czerniakowska
479083;Karabeli
545528;Wolnej wszechnicy
456202;Igańska
355976;Balkonowa
289426;Stalowa
500974;Józefa siemieńskiego
542176;Sztygarów
368968;Zakole
397954;Krowia
497049;Capri
388302;Oś królewska
482082;Maszewska
547119;Sieczna
525098;Kazimierzowska
444579;Dantego alighieri
495079;Ogórkowa
363088;Powązkowska
430925;Stryjeńskich
352868;Skalbmierska
457430;Koncertowa
302379;Ojrzanowska
360262;Ignacego potockiego
459129;Biały kamień
518864;Elżbiety rakuszanki
510120;Marii grzegorzewskiej
456363;Zamiany
354852;Turmoncka
533925;Pańska
310229;"Zgrupowania ak \żmija"""
382119;Starego doktora
380572;Wólczyńska
436713;Oliwska
487130;Budki szczęśliwickie
367367;Głębocka
390871;Zygmunta noskowskiego
283607;Wałowa
325460;Daniłowiczowska
455511;Pawia
495839;Aleja niepodległości
443925;Ludwika michała paca
269887;Przy forcie
543603;Gołkowska
415847;Pawła suzina
454690;Wileńska
319333;Murmańska
439824;Rumiankowa
440217;Kobielska
267338;Długa
332701;Rzepichy
303847;Radzymińska
305847;Aleja słowiańska
324396;Mieczysława pożaryskiego
419008;Owoców leśnych
266684;Jagienki
497594;Stanisława kulczyńskiego
432625;Włościańska
429430;"Zgrupowania ak \żubr"""
310644;Leonida teligi
387234;Bakalarska
518657;"Pułku ak \baszta"""
550485;Gościeradowska
327959;Palmowa
301492;Kaukaska
288581;Jana nagórskiego
417196;Wiśniowa
323192;Lubelska
368603;Eugeniusza lokajskiego
404443;Kopińska
542155;Kredytowa
508158;Jana karola chodkiewicza
356355;Międzyborska
380867;Leona berensona
511019;Wojciecha bogusławskiego
519872;Eugeniusza ajewskiego
339352;Kądziołeczki
437530;Esperanto
378613;Bobrowiecka
402398;Człuchowska
516429;Inflancka
358060;Józefa korzeniowskiego
414509;Konduktorska
344174;Juliusza słowackiego
528873;Małej żabki
395357;Borowej góry
362546;Smolna
476249;Królowej marysieńki
410389;Rozłucka
418489;Warszawska
435194;Pochyła
416202;Łużycka
402685;Witolda zawadowskiego
279371;1 sierpnia
470840;Sławińska
381802;Bolesława chrobrego
274925;Iwicka
541034;Edwarda warchałowskiego
535090;Góralska
397951;Jana ostroroga
291724;Dzieci warszawy
442779;Kolska
405206;Jana miklaszewskiego
438757;Żeglugi wiślanej
317624;Portofino
460775;Ekologiczna
350772;Czerwona droga
419163;Stanisława żaryna
420889;Fajansowa
288827;Apartamentowa
543860;Wincentego rzymowskiego
386446;Wyszogrodzka
346578;Trzcinowa
319170;Sokołowska
354451;Antoniego magiera
370730;Żołnierzy wyklętych
326746;Bielska
262495;Ukryty raj
432624;Bagatela
461423;Rokosowska
322808;Rudzka
360702;21 pułku piechoty dzieci warszawy
473167;Nowolipki
454551;Dyrekcyjna
312260;Stefana czarnieckiego
373485;Herbu janina
264519;Karola bohdanowicza
458477;Kowieńska
437745;Redutowa
371547;Lasek brzozowy
362946;Aleksandra gajkowicza
441543;Puszczy solskiej
532288;Batumi
481531;Św. bonifacego
377795;Plac wojska polskiego
386303;Sienna
330115;"Gen. augusta emila fieldorfa \nila"""
486449;Bogunki
550273;Harfowa
543632;Marii dąbrowskiej
422535;Stanisława staszica
464352;Rybitwy
456569;Srebrna
312582;Przemyska
473821;Księcia bolesława
370668;Wioślarska
366145;Afrykańska
297558;Stanisława kierbedzia
367292;Nowy świat
383592;Bolesława limanowskiego
418066;Romana palestera
292599;Jerzego iwanowa-szajnowicza
279670;Towarowa
276456;Konstancińska
271938;Nowogrodzka
515440;Kwiatów polskich
340091;Magnacka
301651;Elektryczna
287655;Broniwoja
308000;Zagłoby
333305;Koszykowa
541088;Aleja lotników
499610;Marynin
502908;Francuska
466435;Pabla nerudy
510731;Bielawska
390534;Szarych szeregów
349666;Storczykowa
514206;Żwirki i wigury
503475;Podleśna
324447;Eugeniusza szwankowskiego
483571;Aleja wyścigowa
538618;Piaskowa
354972;Obywatelska
429412;Gwiaździsta
373118;Zięby
485315;Przedpole
531716;Zaborowska
276186;Książęca
300526;Radna
524905;Roztocka
303297;Wielicka
422052;Jana kowalczyka
391545;Solińska
529936;Porajów
484335;Echa leśne
407759;Karola darwina
501017;Łabiszyńska
489879;Radomska
344511;Plac konesera
415670;Łagodna
488448;Stefana batorego
411185;Portowa
546978;Jana blatona
514118;Jaworowa
426799;Mariana zdziechowskiego
320571;Klaudyny
412492;Widawska
375292;Instalatorów
472227;Precyzyjna
449055;Kłopot
468243;Książkowa
331865;Lusińska
488681;Radzymińska
372855;Herbu szreniawa
416058;Argentyńska
410729;Tadeusza manteuffla
297980;Geodezyjna
406756;Ludwika rydygiera
434682;Grenadierów
509759;Św. hieronima
277604;Edwarda dembowskiego
261491;Antoniego dobiszewskiego
291732;Widok
263485;Tukanów
390336;Marsylska
508750;Bracławska
277007;Arki bożka
466198;Zabielska
260928;Tadeusza boya-żeleńskiego
306458;Trójpolowa
515252;Heleny junkiewicz
263625;Kazimierza wyki
309963;Ceramiczna
465137;Ciasna
271017;Oskara sosnowskiego
416744;Urle
496263;Samolotowa
294175;Stanisława wojciechowskiego
551171;Stefana okrzei
405195;Kroczewska
347191;Wolfganga amadeusza mozarta
513532;Wołomińska
326638;Księcia witolda
286638;Bukietowa
383946;Quo vadis
337210;Hajoty
490220;Floriańska
482147;Wróbla
340688;Stefana kopcińskiego
527254;Grabowska
370859;Daleka
419898;Pustola
524685;Leszczyny
488276;Tadeusza korsaka
502918;Jana feliksa piwarskiego
296103;Króla maciusia
398707;Łagowska
498072;"Aleja \solidarności"""
522134;Skwer kard. stefana wyszyńskiego
270000;Osowska
368499;Benedykta polaka
430363;Londyńska
522897;Tamka
303120;Flory
501231;Przerwana
491273;Stefana batorego
373694;Ks. teofila boguckiego
547859;Lipska
514338;Człuchowska
268992;Vincenza belliniego
391938;Sarenki
288344;Armii krajowej
493154;Mazowiecka
412583;Łochowska
337195;Cichy potok
505811;Bekasów
355737;Borzymowska
503617;Piękna
392237;Mordechaja anielewicza
310168;Gołuchowska
325893;Franciszka klimczaka
385495;Babimojska
315952;Michała bałuckiego
449478;Gen. romana abrahama
521941;Potocka
399859;Kazubów
449682;Perkuna
368870;Polna
288934;Budowlana
277246;Synów pułku
281516;"Danuty siedzikówny \inki"""
349719;Hanki ordonówny
506920;Leona kruczkowskiego
310882;Leszczyńska
397112;Życzliwa
287733;Senatorska
291146;Jaszowiecka
419653;Władysława niegolewskiego
297989;Krzysztofa kieślowskiego
309269;Juliana konstantego ordona
359958;Grażyny bacewiczówny
365495;Krucza
507553;Gąbińska
342765;Goławicka
324069;Jarosława dąbrowskiego
347322;Artura malawskiego
285626;Szaserów
536952;Kwatery głównej
389498;Strzelecka
278758;Samuela bogumiła lindego
548755;Muranowska
543034;Władysława tatarkiewicza
473388;Aleja stanów zjednoczonych
518989;Konopacka
534139;Gościniec
475299;Małej brzozy
345287;Stańczyka
463444;Poligonowa
365554;Nowy służewiec
332775;Jana olbrachta
435897;Władysława syrokomli
523705;Obiegowa
402102;Janinówka
359454;Twarda
472735;Franciszkańska
548462;Aleksandra prystora
375655;Ludwika zamenhofa
337605;Plac bankowy
287932;Książąt mazowieckich
390603;Gioacchino rossiniego
417784;Witolda doroszewskiego
334810;Alternatywy
432179;Christa botewa
353528;Bliska
411172;Syta
462167;Zwierzyniecka
376881;Gen. sylwestra kaliskiego
484249;Władysława umińskiego
544372;Słoneczna
350329;Wołoska
380588;Melomanów
487848;Drewniana
413376;Stanisława przybyszewskiego
423650;Mikołajska
389839;Kolorowa
523729;Ks. ignacego kłopotowskiego
304679;Eukaliptusowa
351561;Jankowska
380903;Anny radziwiłł
280505;Zambrowska
367251;Wichrowa
523779;Motylkowa
312239;Złota
458408;Geodetów
394359;Claudia monteverdiego
401825;Wszemirowska
369889;Gen. meriana c. coopera
370717;Admiralska
452580;Rzymska
292336;Żuromińska
415192;Wiosenna
514515;Listonoszy
356646;Pustelnicka
301694;Kiwerska
278637;Tylżycka
305099;Lebiodowa
482202;Lizbońska
311359;Karola miarki
479030;Santocka
380038;Bazyliańska
451688;Lewinowska
427476;Znicza
375954;Bogata
276540;Mariana wyrzykowskiego
289860;Dynasy
272967;Etiudy rewolucyjnej
494835;Stanisława rogalskiego
550773;Stefana baleya
370205;Omulewska
459900;Orzycka
301988;Aspekt
409879;Augustyna kordeckiego
367166;Hafciarska
344668;Mordechaja anielewicza
527353;Olesińska
522550;Czerwonych beretów
371982;Jurija gagarina
532843;Racławicka
398110;Deotymy
330176;Smardzewska
420039;Stefana banacha
395317;Rembielińska
532809;Ignacego prądzyńskiego
358969;Motorowa
296432;Barkocińska
293164;Józefa chłopickiego
472667;Zbaraska
444543;Aleje jerozolimskie
294472;Oksywska
326428;Komitetu obrony robotników
463035;Karola adamieckiego
502792;Jara
515539;Andrutowa
338344;Kaliny jędrusik
501045;Pod lipą
344307;Muszlowa
368414;Orlego lotu
302750;Budrysów
486077;Agawy
541317;Brązownicza
312704;Romualda millera
381029;Genewska
467758;Szulborska
313502;Rumby
429618;Polinezyjska
530545;Narwik
374660;Pokrzywnicka
265457;Ciepła
511239;Przaśna
306845;Podchorążych
381881;Skrajna
278745;Płk. witolda łokuciewskiego
384192;Siewierska
513892;Mariana hemara
389767;Kolarska
503002;Tykocińska
323083;Okęcka
458011;Orląt lwowskich
281743;Głębocka
497788;Henryka i brodatego
394835;Apteczna
504384;Gdańska
480018;Stefana bobrowskiego
392116;Miła
468407;Księcia janusza
439681;Kompasowa
469656;Paryska
542258;Mariana smoluchowskiego
397867;Drogomilska
442801;Irysowa
334894;Stanisława dygata
336015;Jana krysta
510469;Pamiętna
481007;Polskie drogi
494094;Cicha
512364;Arcangela corellego
480572;Witolda małcużyńskiego
537035;Płużnicka
282240;Jurajska
351025;Stanisława barei
457018;Szymona askenazego
457261;Stefana starzyńskiego
538108;Chocimska
434609;Stanisława kostki potockiego
418463;Bolesława podczaszyńskiego
365576;Jeździecka
536841;Kazimierza grodeckiego
488624;Adama worobczuka
471906;Wandy
264245;Myśliborska
423933;Białobrzeska
364806;Ludwika mycielskiego
265744;Giełdowa
415182;Goczałkowicka
281882;Dorotowska
292699;Racjonalizacji
330427;Rożnowska
463510;Stanisława augusta
401588;Marii rodziewiczówny
497716;Strubiczów
383534;Siedlecka
401811;Hipolita wawelberga
473818;Ostródzka
342605;Poli gojawiczyńskiej
447419;Piaseczyńska
337591;Łopianowa
433849;Dzika
380962;Jana pohoskiego
446690;Klukowska
372619;Nowoursynowska
357165;Czeremchowa
268062;Zamkowa
481940;Mariana nowickiego
356161;Tylmana gamerskiego
549458;Jasielska
544773;Michała drzymały
312544;Niska
382697;Misia uszatka
536095;Józefa bema
505997;Podolska
441716;Pory
450490;Bociania
339256;Meander
376407;Graniczna
324307;Jana zaorskiego
519772;Rakowska
386494;Orłów piastowskich
465168;Franciszka marii lanciego
359526;Płk. stanisława dąbka
451653;Józefa dwernickiego
464932;Finlandzka
282064;Krańcowa
531850;Kwiatowa
342968;Poznańska
466979;Mrówcza
427332;Ateńska
411323;Czapelska
487660;Stanisława worcella
398404;Grzymalitów
395193;Wspólna droga
301350;Gen. leopolda okulickiego
407166;Pejzażowa
429858;Potrzebna
515548;"Kompanii ak \goplana"""
291566;Uszatki
432544;Aleja jana pawła ii
407320;Jana marcina szancera
346729;Orla
537275;Fasolowa
534108;Małej łąki
331520;Jana długosza
493355;Soczi
296385;Sandomierska
370909;Królewska
364127;Wojskowa
467073;Franciszka ilskiego
273409;Czechowicka
294396;Kraski
508830;Plac gen. józefa hallera
421005;Niekłańska
386661;Szklanych domów
411926;Leona schillera
325845;Arbuzowa
302469;Kazimierza promyka
546765;Toruńska
519504;Księcia ziemowita
455870;Remiszewska
313403;Czesława tańskiego
528848;Złoty potok
287751;Marcina flisa
353484;Na przyzbie
478926;Wiatraczna
384584;Celestynowska
382308;Młodnicka
296622;Pohulanka
382509;Jerzego
518368;Zgoda
460452;Bergamotki
428792;Mała
411672;Bernarda wapowskiego
290646;Wilków morskich
418758;Plac aleksandra rembowskiego
460254;Plac inwalidów
376107;Lutocińska
485957;Kard. aleksandra kakowskiego
332768;Burakowska
344449;Zamieniecka
530926;Plac konstytucji
409762;Zabłocińska
533285;Węglarska
428056;Banderii
395930;Budy
402506;Olszowa
439823;Drezdeńska
321038;Lechicka
414751;Piwna
470643;Aleja jana chrystiana szucha
353319;Królów polskich
519570;Gen. kazimierza sosnkowskiego
450013;Kościuszkowców
376959;Wiarusów
480414;Erazma z zakroczymia
499902;Smocza
415633;Zygmunta hübnera
400410;Krechowiecka
471119;Jezuicka
275283;Pomiechowska
351398;Aleksandra kamińskiego
361081;Renesansowa
341120;Franciszka łukaszczyka
412597;Bysławska
326438;Rejsu
281985;Archiwalna
492163;Heliotropów
366804;Wilanowska
376564;Stefana szolc-rogozińskiego
534350;Ppłk. wacława szadkowskiego
369145;Pasymska
438741;Przejezdna
332942;Montwiłłowska
278120;Podborska
402874;Szczęsna
296420;Chodakowska
364412;Wybrzeże puckie
353285;Niecała
399999;Nicejska
462595;Belwederska
458959;Milenijna
339176;Maltańska
284882;Ludwika waryńskiego
259411;Szczepana grzeszczyka
472038;Rozłogi
280376;Nowolipie
392751;Zakrzewska
471721;Sanocka
417221;Dychowska
498742;Nugat
388864;Olgierda
262883;Obrońców helu
353065;Sosnowiecka
495540;Gawędziarzy
534500;Drawska
313969;Konstruktorska
381444;Pachnąca
436915;Plac zbawiciela
280560;Astronautów
341144;Władysława hermana
440767;Siennicka
278046;Płocka
518874;Juliana smulikowskiego
522658;Włodzimierza majakowskiego
327573;Przy bażantarni
397862;Rosy bailly
285870;Rekrucka
301820;Lisi jar
518786;Polnej róży
370869;Śmiała
476179;Antoniego czechowa
420764;Taśmowa
345270;Przechodnia
469060;Biograficzna
422293;Opaczewska
427145;Aleksandra kraushara
509392;Wieluńska
434596;Kępna
510028;Stefana bryły
448863;Kawcza
353471;Internetowa
311924;Lajosa kossutha
394309;Plac warszawski
282582;Werbeny
448237;Majolikowa
275028;Aleje ujazdowskie
476966;Balonowa
315844;Dostatnia
418011;Brazylijska
545536;Efraima schroegera
491436;Przyrzecze
413361;Naddnieprzańska
469523;Wiślanego nurtu
405810;Freta
371558;Lipowa
492893;Wynalazek
542721;Leżajska
353717;29 listopada
309692;Plac 1905 roku
387381;Nałęczowska
537766;Stanisława rostworowskiego
260151;Miła
423699;Kajetana garbińskiego
426852;Izabelli
534656;Uniejowska
443934;Wybrzeże kościuszkowskie
300169;Prosta
381635;Poetów
327377;Śmigielska
395973;Jubilerska
360557;Gen. władysława sikorskiego
313656;Koprzywiańska
519594;Podwale
298549;Grażyny
399311;Włodzimierza perzyńskiego
482785;Monte cassino
379806;Ząbkowska
355992;Zbyszka cybulskiego
320290;Dereniowa
283743;Liliowa
467626;Ludowa
525093;Mirabelki
341114;Nowolipie
483742;Wiertnicza
494031;Gawota
449146;Kamionkowska
550032;Stanisława dubois
285719;Baletowa
382473;Lubieszowska
523539;Barcelońska
350538;Gdańska
387253;Antoniego pajdaka
261623;Dębicka
346741;"Aleja gen. antoniego chruściela \montera"""
516344;Honoriusza balzaka
324790;Srebrnych świerków
433166;Frachtowa
286587;Loteryjki
517087;Wiślicka
541761;Emilii plater
547858;Ludna
413221;Spalska
308356;Nizinna
297401;Wieśniacza
517275;Ćmielowska
345827;Gustawa morcinka
472328;Park leśny bemowo
473632;Globusowa
290834;Śródziemnomorska
321548;Odolańska
447531;Puszczyka
336106;Brata alberta
390135;"Batalionu ak \włochy"""
507658;Szczupacza
264325;Świętosławska
516878;Franciszka żymirskiego
377413;Sapieżyńska
539810;Roty
416591;Ciszewska
351225;Zorzy
458801;Pruszkowska
435189;Złotej wilgi
545627;Gen. stanisława skalskiego
517633;Tczewska
449505;Dźwigowa
478403;Gen. wiktora thomméego
347714;Jana żabińskiego
334071;Zakroczymska
454784;Zasobna
504945;Latyczowska
352173;Techników
509678;Cietrzewia
523076;Siemiatycka
446306;Mandarynki
288686;Tytusa chałubińskiego
294556;Kazimierza pużaka
426028;Cypriana kamila norwida
397643;Wiśniowy sad
357768;Zamiejska
437588;Żołny
458726;Szczęśliwicka
426794;Kłopot
307470;Zagórna
353472;Świeradowska
464730;Modra
390319;Wilhelma konrada roentgena
267496;Plac grunwaldzki
370688;Bartosza głowackiego
283105;Urbanistów
498009;Meksykańska
513641;Plac jana henryka dąbrowskiego
496965;Białowieska
274361;Tomasza nocznickiego
273158;Wronia
312276;Sułkowicka
385453;Tawułkowa
516505;Liwiecka
396224;Blaszana
499351;Piotra michałowskiego
350088;Janusza korczaka
464093;Lirowa
300203;Biedronki
396948;Plac politechniki
393410;Kokoryczki
262024;Gen. ludomiła rayskiego
309538;Zbigniewa romaszewskiego
527587;Grodkowska
292440;Aleja krakowska
420010;Starej gruszy
451554;Zachariasza
426002;Grzegorza przemyka
443132;Rzędziana
352649;Wacława wojtyszki
531116;Orzechowa
425646;Celownicza
294686;Stanisława tołwińskiego
331553;Studzienna
285265;Widoczna
345219;Namysłowska
496233;Eugeniusza kwiatkowskiego
315863;Jana sebastiana bacha
382285;Radarowa
267832;Aleja bohaterów września
306731;Naukowa
358881;Sienna
318478;Hawajska
480281;Elektry
401679;Władysława przanowskiego
498308;Godowska
385622;Wschodnia
339095;Bogatyńska
262550;Carla goldoniego
512396;Wojciecha chrzanowskiego
455778;Feliksa pancera
406326;Jasna
312959;Stepowa
357246;Ignacego krasickiego
319290;Józefa mianowskiego
548904;Litewska
455167;Świderska
297953;Apoloniusza kędzierskiego
466749;Ferdynanda magellana
279567;Klimontowska
468596;"Batalionu ak \parasol"""
440517;Boguszewska
474274;Seweryna goszczyńskiego
418401;"Mariana sengera \cichego"""
337870;Franciszka salezego jezierskiego
507638;Białostocka
373613;Hetmańska
474910;Spychowska
296149;Ustronie
387551;Dragonów
341547;"Bronisława pietraszewicza \lota"""
415294;Symfonii
425675;Katowicka
311263;Żegańska
508259;Władysława hassa
472317;Fort piłsudskiego
351870;Villardczyków
536174;Koźmińska
422661;Rabsztyńska
312647;Poborzańska
425378;Walewska
520191;Kacpra karlińskiego
537436;J. r. r. tolkiena
549774;Ksawerego pruszyńskiego
411296;Elegancka
417423;Kajetana koźmiana
508128;Częstochowska
350417;Puławska
419096;Fabryczna
340565;Siekierkowska
280711;Sarabandy
463718;Kordiana
366646;Secemińska
424595;Antka rozpylacza
537511;Gocławska
261480;Świętokrzyska
385399;Giuseppe garibaldiego
452745;Bródnowska
278234;Uznamska
336695;Aleksandra janowskiego
450230;Lubartowska
280951;Cieplarniana
290330;Pielgrzymów
539955;Juliusza kossaka
260582;Tuchlińska
378246;Żółwia
458344;Topograficzna
283384;Rakowiecka
394663;Nieporęcka
551497;Borowiecka
411690;Ponarska
406971;Karola irzykowskiego
432835;Natalii gąsiorowskiej
533276;Icchoka lejba pereca
329751;Leopolda staffa
534710;Józsefa antalla
416828;Józefa szujskiego
544750;Andrzeja sołtana
437048;Kleszczowa
457777;Dobosza
269146;Korczyńska
422999;Sulmierzycka
517341;Grodzieńska
336339;Zenona klemensiewicza
311489;Nasielska
407788;Ks. piotra skargi
457030;Ananasowa
434681;Wędrowców
349192;Suchodolska
443752;Aleja wojska polskiego
512717;Rafała krajewskiego
489450;Konotopska
382727;Braci pillatich
547460;Krzemieniecka
523983;Goplańska
406311;Krzyżówki
525903;Piknikowa
287880;Warszawski świt
364262;Aleja tysiąclecia
395570;Przy torach
273583;Aleja dwudziestolatków
500051;Sabały
400163;Kasztanowa
412552;Rumuńska
459863;Cytrynowa
369150;Wiartel
506734;Rycerska
476127;Dyniowa
352918;Taneczna
364512;Mazowiecka
390367;Tadeusza hennela
501130;Działdowska
468500;Magiczna
491857;Cypryjska
347263;Kadrowa
426829;Encyklopedyczna
370354;Rawska
399520;"Batalionu ak \karpaty"""
429967;Pięciolinii
303873;Marsa
347473;Kaspijska
353783;Natolińska
516507;Batuty
417287;Poprawna
363895;Złotych piasków
417902;Kiełpińska
293288;Przejazd
365411;Biruty
488887;Księżycowa
305015;Sejmu czteroletniego
331412;Zbigniewa burzyńskiego
547527;Oknicka
521894;Ryżowa
275068;Chotomowska
335173;Piastowska
460944;Cyraneczki
301550;Lelechowska
425789;Przyjazna
309104;Hery
518605;Michała ossowskiego
279571;Szlachecka
439977;Czerska
296186;Okrężna
368822;Dzika
287625;Rogalińska
308523;Zajęcza
540708;Pilicka
471538;Emila zoli
391499;Wersalska
392987;Marconich
526444;Przy fosie
268409;Gen. felicjana sławoja składkowskiego
492734;Ksawerego bronikowskiego
426896;Drewnicka
291530;Wacława gąsiorowskiego
345351;Dziatwy
530060;Piastów śląskich
540521;Miączyńska
333633;Masztalerska
526634;Korsykańska
513310;Alpejska
456787;Lwowska
472880;Ludwika idzikowskiego
368902;Minerska
288874;Aleje jerozolimskie
532951;Baboszewska
466096;Aluzyjna - wjazd
304319;Węgrowska
392294;Aleja wincentego witosa
424257;Polskich skrzydeł
462514;Bolesława krzywoustego
307512;Kruszyńska
262962;Fosa
305442;Oszmiańska
366824;Zdobnicza
510512;Jana vermeera
538938;Łowcza
367917;Plac unii lubelskiej
445755;Jurija gagarina
541590;Nieszawska
408172;Marzanny
283345;Plac thomasa woodrowa wilsona
501661;Przeworska
467764;Szarotki
279334;Korzystna
432611;Osiecka
429323;Aleksandra gierymskiego
470518;Miedziana
393346;Mirtowa
459485;Gościniec
396294;Okrąg
447048;Benedykta dybowskiego
492306;Filomatów
319507;Strzelców
511917;Przy bernardyńskiej wodzie
445107;Ku rzece
353068;Czerniowiecka
436398;Tarnowiecka
400156;Adolfa suligowskiego
366271;Łucznicza
348608;Wylot
390908;Emanuela ringelbluma
412130;Kwarciana
379335;Tadeusza boya-żeleńskiego
509751;Nubijska
466361;Turecka
401908;Fukierów
446294;Husarii
279667;Elekcyjna
367576;Angorska
344205;Wyjazd
492264;Bracka
429023;Eustachego tyszkiewicza
306886;Inżynierska
546778;Starodęby
336159;Zielna
313115;Bełska
513721;Sulejkowska
508454;Arabska
433859;Ostrzycka
455206;Jadźwingów
526301;Katalońska
498640;Naddnieprzańska
506541;Świętych cyryla i metodego
422838;Migdałowa
502854;Heleny kozłowskiej
519334;Granitowa
369941;Ignacego paderewskiego
324649;Księcia trojdena
398114;Wędkarska
268303;Wacława borowego
282253;Promenada
320442;Władysława skoczylasa
366209;Stanisława moniuszki
267408;Gen. mikołaja bołtucia
428661;Rejonowa
293683;Wąwolnicka
355225;Ożarowska
468626;Gen. bronisława bohaterewicza
486353;Ludwika paszkiewicza
306411;Aleja marsz. józefa piłsudskiego
270602;Ułańska
364085;Plac tadeusza kotarbińskiego
485867;Okaryny
404309;Laurowa
435931;Józefa bellottiego
523163;Brygady pościgowej
467242;Wąchocka
424621;Szkolna
372689;Stefana pieńkowskiego
502276;Bułgarska
377586;Skwer adama mickiewicza
348404;Szara
430175;11 listopada
280401;Mokra
540917;Ptasia
440074;Stanisława żółkiewskiego
374357;Czeladnicza
391463;Podgórna
351087;Kwiatu paproci
430534;Marii cetysówny
525234;Rudawska
428482;Dominika merliniego
381288;Jana ciszewskiego
319839;Michała spisaka
471334;Wodzirejów
445823;Stawki
394669;Polska
355287;Sternicza
430713;Rembrandta
391673;Atutowa
507047;Brodnicka
466995;Piechoty łanowej
437514;Zaciszańska
370265;Stanisławowska
474311;Simóna bolívara
394203;Makowska
311806;Gniewkowska
503545;Bieniewicka
446384;Klonowa
262224;Tadeusza hołówki
381871;Abp. józefa teodorowicza
550261;Śląska
332378;Juliana bartoszewicza
425467;Nowogrodzka
328478;Koński jar
397948;"Grupy ak \krybar"""
287240;Nastrojowa
470489;Astronomów
259561;Okólnik
331360;Nagodziców
548354;Bratnia
508142;Witebska
478907;Traktorzystki
358639;Folwarczna
380132;Ludwika pasteura
400305;Pustułeczki
489595;Pomorska
522780;Huculska
373700;Stanisława bodycha
495189;Ogrody
382534;Osikowa
440160;Trembowelska
288833;Willowa
444184;Gedymina
529646;Gotarda
389588;Symboliczna
510038;Płatków róż
551095;Leszno
358533;Ludwika nabielaka
298877;Daniszewska
459280;Chłodnicza
487802;Wygodna
338261;Janczarów
388725;Poniecka
508504;Zawodowa
351738;Lubiniecka
450693;Ks. jana sztuki
371949;Bławatków
475633;Zofii nałkowskiej
422407;Tyśmienicka
336626;Brylowska
407460;"Grupy ak \północ"""
278796;Burgaska
263136;Starościńska
331027;Żurawicka
406325;Lucerny
464258;Zygmuntów
356276;Siedzibna
506597;Emila zegadłowicza
307096;Wschodu słońca
259192;Żurawia
344890;Agrarna
405996;"Batalionu ak \zośka"""
465189;Ppłk. zbigniewa stanisława kiedacza
307469;Bedřicha smetany
342162;Karola marcinkowskiego
522534;Fort bema
339821;Leszka białego
324574;Ludwika kickiego
460318;Paavo nurmiego
385791;Warneńska
396893;1 praskiego pułku wp
503080;Skolimowska
518949;Witolda lutosławskiego
323036;Kirasjerów
333819;Nowoczesna
495914;Zbąszyńska
529680;Niedźwiedzia
438922;Złotego smoka
341940;Cylichowska
480778;Oskara kolberga
444597;Filipiny płaskowickiej
459691;Sewastopolska
461194;Juliana fałata
495862;Spiska
309754;Zajączkowska
415191;Mlądzka
376491;Aleksandra patkowskiego
548452;Świętojańska
462477;Bohaterów warszawy
523169;Giuseppe verdiego
281615;Koszykowa
427022;Juranda ze spychowa
499473;Urwisko
310726;Adama asnyka
388290;Sobolewska
525603;Wejherowska
345269;Bartnicza
449686;Władysława pytlasińskiego
457037;Tarnobrzeska
276252;Drwęcka
443839;Tatrzańska
329610;Kawęczyńska
506583;Warecka
414615;Dubieńska
446693;Ignacego kruszewskiego
473499;Olszewska
511190;Kazimierza kuratowskiego
313246;Gustawa daniłowskiego
358468;Szkoły orląt
474935;Magazynowa
426289;Białogońska
405335;Gryfitów
400384;Kanarkowa
468720;Viii poprzeczna
297957;Wenus
538188;Aleja 4 czerwca 1989 r.
464620;Limby
494922;Karowa
270436;Adama ciołkosza
320634;Turbinowa
428013;Stefana żeromskiego
508034;Łamana
467451;Krypska
304528;Sozopolska
459118;Dostępna
293227;Patriotów
448893;Tadeusza rejtana
306205;Wacława sierpińskiego
474809;Chrzanowska
498344;Jasnodworska
533830;Pańska
320120;Rapperswilska
445207;Opatowska
512771;Edwarda wittiga
521852;Sztormowa
536451;Karwińska
344771;Skarżyńskiego
359135;Prętowa
457323;Jana i jędrzeja śniadeckich
283748;Frascati
502547;Płatnerska
311268;Nowosielecka
291981;Majowa
484202;Frontowa
469639;Morelowa
329582;Kożuchowska
514352;Pielęgniarek
538043;Czorsztyńska
293382;Kolektorska
527869;Notecka
277125;Topolowa
272487;Katiuszy
412428;Żaglowa
484054;Kuflewska
380216;Kołowa
300213;Kluczowa
279691;Ignacego domeyki
275023;Goleszowska
450184;Podbiałowa
500169;Gąsocińska
489257;Józefa wybickiego
495607;Rynek nowego miasta
544223;Eugeniusza horbaczewskiego
333967;Wałuszewska
386104;"Jana bytnara \rudego"""
383406;Nowowiśniowa
380847;Jana pankiewicza
266580;Ludwisarska
288903;Galopu
396703;Anny german
515116;Tumska
458154;Czesława przybylskiego
398604;Wiązana
516659;Anieli krzywoń
548582;Strońska
350398;Okrętowa
340251;Czołowa
454627;Adama idźkowskiego
291612;Krótka
275953;Przyokopowa
418677;Teofila piecyka
267398;Wincentego witosa
296242;Lekka
441225;Stawy
480921;Barcicka
541859;Warszawska
509636;Dęby
354534;Tyniecka
352043;Trakt lubelski
314110;Akcent
305559;Goplańska
265578;Ludwinowska
401505;Krzywińska
401317;Brzozowa
526711;Handlowa
369090;Łomżyńska
418584;Dworkowa
546070;Zaciszna
402332;Tadeusza sygietyńskiego
388244;Aleja kazimierza kumanieckiego
408748;Kanadyjska
323446;Wawrzyszewska
407832;Kołobrzeska
386383;Królowej bony
363529;Krymska
414088;Dąbrowszczaków
513083;Morszyńska
490376;Ułańska
301165;Arkadowa
515820;Tadeusza joteyki
301404;Juliusza kaden-bandrowskiego
344341;Galla anonima
300427;Konrada guderskiego
405352;Masłowiecka
546099;Raszyńska
290095;Animuszu
329676;Czerwonej jarzębiny
475568;Prudnicka
357957;Aleja zjednoczenia
330143;Kasztanowa
492719;Piekarska
413078;Kiprów
400629;Stocka
281339;Władysława smoleńskiego
309393;Henryka siemiradzkiego
474011;Wawelska
277563;Rybna
261526;Przyrodnicza
460252;Marokańska
325722;Rumiana
414436;Estrady
348162;Jałtańska
310243;Giordana bruna
484416;Przytyk
311990;Cynamonowa
394926;Rybnicka
513079;Jana zamoyskiego
300508;Krzysztofa kiersnowskiego
298682;Rzeźbiarska
296454;Dzikich jabłoni
371410;Prochowa
474330;Jaktorowska
441537;Brzezińska
536987;Mrągowska
308139;Krakowskie przedmieście
291514;Romana maciejewskiego
311816;Dworkowa
345468;Gliniana
488224;Arbuzowa
334607;Janusza groszkowskiego
499853;Wenantego burdzińskiego
282888;Oskara langego
376969;Jerzego bukowskiego
462980;Jaworzyńska
349732;Zygmunta vogla
358911;Gandalfa
542658;Potockich
493775;Romualda gutta
440548;Mostowa
410398;Wrzesińska
492729;Czynszowa
284174;Grajewska
549505;Aleja polski walczącej
532959;Wacława lachmana
328425;Skwer jacka kaczmarskiego
286606;Taborowa
348895;"Płk. mieczysława niedzielskiego \żywiciela"""
353938;Adama próchnika
277548;Bellony
440716;Moździerzy
287369;Daglezji
463217;Zaściankowa
520992;Grotowska
388280;Meblowa
535098;Lustrzana
493214;Okocimska
362267;Gąbińska
340285;Szturmowa
416271;Pabla picassa
515957;Popradzka
362810;Arkadyjska
404572;Dunajecka
318188;Augusta cieszkowskiego
266658;Kacza
345581;Toruńska
301317;Garażowa
457548;Bluszczowa
291741;Ludwika mierosławskiego
443081;Wojciecha bogumiła jastrzębowskiego
323263;Nalewki
444384;Płowiecka
409303;Świetlików
531821;Antoniego fontany
460090;Rakietników
363033;Armanda călinescu
333461;Mikołaja wierzynka
520704;Pogodna
259689;Gębicka
259823;Tucholska
549104;Libijska
499424;Egipska
336995;Błotna
504124;Nasienna
451712;Sztuk pięknych
500534;Boremlowska
392263;Karczocha
308093;Ogniowa
392213;Szpitalna
450371;Mieczysława frenkla
369896;Emiliana konopczyńskiego
307691;Gwarków
290362;Rycerstwa polskiego
464969;Orłowska
527531;Lotaryńska
451535;Antyczna
327248;Sarmacka
492001;Bukowiecka
311052;Fiołków
296962;Wilczycka
348520;Wiślanych pól
436176;Wolicka
486717;Solankowa
296856;Żwirki i wigury
279024;Korytnicka
457867;Sewerynów
290533;Plac mirowski
494876;Otwocka
494023;Jana brożka
287375;Mieczysława orłowicza
264576;Stacja metra rondo daszyńskiego
496645;Marynin
268558;Nadwiślańska
482616;Szeroka
503228;Józefa nusbauma-hilarowicza
287981;Regulska
471608;Śpiewna
338221;Skrzatów
445097;Czerwonego krzyża
297610;Wysokomazowiecka
437744;Magnolii
309220;Kaszubska
526589;Nakielska
487410;Williama heerleina lindleya
334213;Włoska
259986;Grójecka
522394;Zaniemyska
432868;Farbiarska
548873;Pęcherska
431573;Wolbromska
336267;Elektoralna
370800;Plac na rozdrożu
407615;Eugeniusza romera
339878;Grenady
357313;Dalanowska
270844;Dobrowoja
506634;Wiślana
463788;Wawrzyńca żuławskiego
291487;Bertolta brechta
379158;Reniferowa
528917;Miodowa
531189;Resorowa
426583;Rębkowska
474235;Romana pazińskiego
265190;Zakopiańska
523917;Filtrowa
270036;Kpt. władysława raginisa
387171;Pastuszków
347822;Juliana ursyna niemcewicza
312161;Kramarska
530108;Jana cybisa
509701;Oboźna
540151;Smyczkowa
359103;Stefanii sempołowskiej
431655;Arkuszowa
271340;Antoniego malczewskiego
523951;Włady majewskiej
497353;Cyprysowa
401783;Wspólna
415527;Zdziarska
415900;Jeziorowa
542961;Franciszka hynka
521670;Akermańska
263543;Cierlicka
531440;Plac farmacji
538392;Jana zamoyskiego
528285;Kolektorska
534159;Pęcicka
479036;Gen. bolesława szareckiego
387400;Cyrulików
314919;Ogrody przyjaciół
304792;Kulczycka
475468;Trocka
423115;Złocienia
539623;Południowa
426818;Rondo organizacji narodów zjednoczonych
373328;Suwak
518321;Rondo ignacego daszyńskiego
405009;Stradomska
305967;Atutowa
505250;Goraszewska
291841;Zygmunta pawlaczyka
258778;Szumna
445939;Beskidzka
348911;Sęczkowa
482565;Mistrzowska
346425;Łuki małe
354397;Mątwicka
390471;Roalda amundsena
296920;Przygodna
487442;Andrzejowska
535238;Józefa sułkowskiego
271104;Antoniewska
367128;Kmicica
478747;Serocka
262871;Łodygowa
285162;Okularowa
329400;Ziębicka
337222;Przy grodzisku
482787;Plac konfederacji
363941;Klecka
402967;Ursynowska
341088;Wiślana
272714;Ligocka
544566;Ernesta malinowskiego
321267;Na grobli
528808;Jana kozietulskiego
379536;Tadeusza czackiego
303893;Kolumbijska
505570;Nowowiejska
512140;Brzoskwiniowa
302043;Zalipie
279604;Archimedesa
433459;Przy parku
516140;Wojciecha gersona
498472;Akademicka
444428;Tukana
270558;Rękodzielnicza
284220;Oławska
444079;Melodyjna
526127;Łyżwiarska
544515;Zygmunta jórskiego
369313;Ludwika krzywickiego
438890;Krasnowolska
372602;Wiśniowa
543611;Rezedowa
373261;Lęborska
456659;Trombity
286264;Marsa
271245;Gdecka
478219;Plac zamkowy
334981;Michała reichera
523188;Cypriana kamila norwida
289033;Poleczki
365903;Trzech budrysów
387779;Relaksowa
395924;Zaułek
445793;Inspektowa
514532;Słowicza
360664;Babicka
382221;Stanisława pyjasa
389490;Poświaty
455058;Edwarda józefa abramowskiego
450320;Kolendrowa
494628;Bychowska
288141;Wawerska
478582;Karola szajnochy
267378;Plac trzech krzyży
277479;Emilii gierczak
290217;Oleandrów
258848;Brzozowa
414330;Marysińska
401459;Darłowska
279127;Łącząca
402523;Wiedeńska
339963;Powązkowska
458724;Aleksandra sulkiewicza
509834;Targowa
509699;Szubińska
538840;Płużańska
457192;Spacerowa
360209;Strażacka
496576;Stanisława lentza
357101;Panieńska
390373;Wielostronna
513939;Boryszewska
350603;Tadeusza kościuszki
548778;Sąsiedzka
507635;Lubaszki
344964;Leonarda
341959;Nowowiejska
533915;Jana szczepanika
296025;Zdrojowa
356068;Stefana batorego
410627;Nowosielecka
351255;Pszczółki mai
400580;Gen. stanisława sosabowskiego
467942;Szafarzy
500370;Cicha dolina
509431;Lipowa
523820;Armatnia
528631;Gen. lucjana żeligowskiego
458789;Peszteńska
430577;Jarocińska
325973;Cypriana godebskiego
279938;Bieżanowska
384811;Styrska
460688;Kutnowska
399970;Stara
475705;Wielkiego dębu
434481;Lędzka
285732;Chlewińska
283338;Sztabowa
489656;Łukiska
415167;Kwitnących jabłoni
541152;Wacława żenczykowskiego
549035;Zgierska
331111;Równa
358401;Zbierska
308116;Las kabacki im. stefana starzyńskiego
446564;Pála telekiego
495822;Tarczyńska
522046;Królewicza jakuba
466360;Karczewska
413755;Cyrklowa
346610;Literacka
550295;Ratuszowa
322974;Potułkały
495845;Rezerwat lasek bielański
310970;Narożna
369993;Sybilli
297661;Czapli
550263;Macieja sarbiewskiego
478170;Ochocka
275486;Zygmunta glogera
272281;Warowna
395503;Szybowcowa
402177;Szafrańców
418350;Rodła
520352;Tytoniowa
262728;Rzędzińska
540245;Tadeusza gajcego
398745;Stylowa
496532;Maurycego mochnackiego
496018;Lewicka
490638;Powązkowska
259803;Gdańska
476349;Karatowa
275694;Barszczewska
412335;Spartańska
522904;Derby
541066;Spokojna
430760;Delfina
284703;Mieczysława niedziałkowskiego
368482;1 praskiego pułku wp
410789;Chełmżyńska
261200;Puławska
510686;Kwiatowa polana
413581;Gruzińska
312575;Szwoleżerów
373443;Karola linneusza
507214;Stanisława ligonia
548903;Kazimierza wóycickiego
383334;Kameliowa
508173;Pawła edmunda strzeleckiego
451841;Bohuna
329946;Jakuba jasińskiego
462478;Kosiarzy
311183;"Batalionu ak \bałtyk"""
414439;Pląsy
296338;Ordynacka
515505;Niemirowska
412041;Stanisława lencewicza
463862;Białozora
459607;Gen. milana štefánika
328587;Stefana drzewieckiego
481135;Obarowska
357864;Wagonowa
336992;Gen. mariusza zaruskiego
504803;Celna
296776;Gen. stanisława maczka
415044;Płatnicza
316722;Kolady
398248;Barwnicza
337586;Szczekocińska
329656;Esej
518792;Teodora axentowicza
370300;Janiszowska
280214;Andyjska
385632;Jesiennych liści
277855;Fundamentowa
391375;Falęcka
336126;Piasta kołodzieja
305864;Piotra gruszczyńskiego
418384;Wokalna
543584;Brygadzistów
258659;Bolecha
323611;Kaszmirowa
517291;Laskowa
530811;Olszynki grochowskiej
420923;Kujawiaka
492706;Mahatmy gandhiego
389911;Męcińska
369877;Zaczarowanej dorożki
402022;Przyce
544486;Drohobycka
313287;Słubicka
454999;Agrestowa
282063;Magistracka
496261;Brukselska
520009;Herbu korczak
433170;Petera frasera
366897;Porzeczkowa
547466;Plac piotra szembeka
299772;Władysława reymonta
377962;Piłkarska
381085;Olsztyńska
283958;Orężna
433826;Skokowa
543308;Maćka z bogdańca
270612;Pułtuska
453649;Cichociemnych
305815;Leśniczówka
302411;Startowa
385085;Wiktorii wiedeńskiej
476581;Ostrobramska
536879;Krośniewicka
445818;Alzacka
426607;Skwer reduty kaliskiej
480945;Tawerny
406056;Marynarska
289393;Karola borsuka
484353;Tytusa chałubińskiego
327182;Rusiecka
318976;Mosiężna
288991;Teodora toeplitza
453457;Figowa
271618;Begonii
347529;Błękitna
359372;Bodzanty
466414;Stacja metra stokłosy
308781;Ornecka
321891;Podróżnicza
380645;Domenica scarlattiego
345638;Gojawiczyńskiej
337457;Wydmińska
517763;Bugaj
494746;Kaleńska
492070;Bukowska
340414;Goworowska
263660;Marsa
415152;Rajskich ptaków
300851;Wolumen
470424;Jana młota
367961;Panny wodnej
528063;Metalowców
426657;Wyszkowska
360008;Śpiewu ptaków
504223;Bronowska
295585;Ikara
274777;Gładka
297168;Jagny
482288;Aleja harcerzy rzeczypospolitej
532037;Zesłańców polskich
334319;Św. szczepana
305626;Parafialna
301363;Dzielna
303877;Łysogórska
335067;Czeska
523106;Hektarowa
387837;Henryka barona
373605;Jemiołuszki
389836;Myśliwiecka
333280;Kozia
293427;Browarna
336233;Jana styki
309668;Aleja armii krajowej
431968;Rondo wiatraczna
392686;Pabianicka
276824;Kryształowa
397684;Kwiatowa
431243;Księżycowa
549919;Marii konopnickiej
412776;Romea i julii
333699;Służewska
396044;Stacja metra świętokrzyska
322883;Okuniewska
426882;Plac czesława niemena
392078;Jaśminowa
390514;Buszycka
536869;Kokosowa
482777;Słodowiecka
549683;Płk. zoltána baló
371542;"Józefa mireckiego \montwiłła"""
504007;Tynkarska
452786;Henryka opieńskiego
402267;Kuligowska
274034;Legendy
505238;Bajońska
510607;Zbigniewa pieniążka
449906;Złotej jesieni
285042;Diamentowa
369324;Jana szałka
459704;Krasnołęcka
303492;Nadrzeczna
469432;Czerwińska
534476;Dęblińska
415732;Nowińska
492393;Witolda rychtera
487804;Marywilska
540850;Tramblanki
292348;Jerzego waldorffa
352898;Jagielska
516786;Parowcowa
505671;Węgierska
523864;Garncarska
361390;Myszkowska
407794;Stanisława szobera
457667;Wzorcowa
449421;Stanisława kunickiego
521551;Jana karola chodkiewicza
542663;Stanisława skarżyńskiego
540354;Cymbalistów
549236;Podkowy
388762;Józefa balcerzaka
530891;Plac gabriela narutowicza
544353;Plac żelaznej bramy
397326;Św. teresy
372027;Mszczonowska
338338;Karola kurpińskiego
401617;Potoki
277082;Fortepianowa
339116;Sady zawadowskie
299501;Ostrołęcka
432569;"Pułku ak \waligóra"""
358496;Sycylijska
335646;Raoula wallenberga
389901;Krzysztofa kamila baczyńskiego
543481;Stefana jaracza
319380;Golfowa
393661;Mielecka
467683;Strąkowa
523758;Xii poprzeczna
329352;Awionetki rwd
459947;Drukarzy
459141;Lotnicza
419406;Kolonijna
321610;Henryka sienkiewicza
312128;Zarośla
334858;Hodowlana
323891;Balbinki
327198;Sklepowa
359488;Michała kajki
288004;Zielona
298894;Łuki wielkie
388997;Hejnałowa
276123;Wolności
273531;Marcina bielskiego
466672;Parnas
279628;Imbirowa
429774;Józefa hoene-wrońskiego
509643;Sprzeczna
436638;Jowisza
410063;Środkowa
326946;Poezji
451742;Urugwajska
365224;Ludomira różyckiego
318952;Połczyńska
458982;Morwowa
530417;Lekarska
387463;Republikańska
369790;Piotrkowska
353182;Warmińska
524779;Jana sibeliusa
446415;Padewska
468207;Kuszników
436009;"Batalionu ak \pięść"""
270911;Kobryńska
274743;Sasanki
317575;Stanisława chudoby
452607;Stopowa
429752;Szybka
356312;Promienna
410468;Prezydencka
512857;Kiermaszowa
260951;Podwójna
504483;Izbicka
390408;Morskie oko
313320;Plac grzybowski
418712;Strzygłowska
468347;Jaworzniaków
340327;Trojańska
271663;Cieślewskich
439702;Dzikiej kaczki
310778;Czesława witoszyńskiego
319711;Béli bartóka
535354;Mariana pisarka
292805;Juliusa fučíka
402804;Sochaczewska
326179;Stare nalewki
387708;Ludwiga van beethovena
260745;Chorzowska
533774;"Kazimierza sotta \sokoła"""
293911;Legnicka
486791;Leśnej jeżyny
332179;Tylna
344120;Hajduczka
309556;Szlachecka
404007;Jantarowy szlak
422841;Betonowa
320243;Głucha
451470;Władysława szernera
369281;Adampolska
348661;Gniewkowska
264342;Grzegorza fitelberga
268567;Jana kilińskiego
536674;Elizy orzeszkowej
518138;Dźwigowa
393473;Borkowska
342513;Tużycka
379523;Urocza
476842;Szczotkarska
471884;Kurhan
412959;Groszowicka
336124;Mozaikowa
348575;Aleja dzieci polskich
343615;Edwarda szymańskiego
310299;Rondo aleksandra żabczyńskiego
362146;Konwiktorska
431944;Olimpijska
500763;Aleja jana pawła ii
390553;Derkaczy
460400;Pontonierów
425190;"Aleja jana rodowicza \anody"""
472950;Budnicza
440309;Wergiliusza
364558;Wyrzyska
399123;Samochodowa
366383;Dolnośląska
356764;Sebastiana klonowicza
511447;Nutki
333142;Św. maksymiliana kolbego
402803;Zygmunta markerta
480135;Stefana pogonowskiego
496854;Wąski dunaj
516279;Jacka i agatki
444026;Czesława kłosia
470627;Stanisława żółkiewskiego
544484;Bolesława orlińskiego
467027;Jana dantyszka
385550;Kujawska
521231;Ignacego maleckiego
426185;Grawerska
289124;Czarnołęcka
264391;Kąkolowa
457724;Kamienna
402765;Przyłęcka
357814;Bursztynowa
343902;Młodzieży
533913;Homera
380612;Leśnych ziół
447938;Ciesielska
321487;Pana tadeusza
344619;Ii poprzeczna
400782;Estońska
350731;Wiklinowa
355931;Stanisława witkiewicza
314061;Aleja józefa becka
269306;Fortel
301712;Familijna
464654;Olszynowa
465117;Płońska
479077;Krokusów
350266;Św. jacka odrowąża
326057;Kazimierza zarankiewicza
477124;Głogowa
405802;Stoczkowska
483207;Ogólna
525543;Spójni
423862;Pośrednia
538304;Obornicka
325587;Ulrychowska
368906;Daszowska
284104;Króżańska
387795;Konwaliowa
279470;Faworytki
480389;Dzięcioła
344963;Królowej aldony
362421;Słupecka
502591;Zakątna
327874;Chyrowska
465259;Uniwersytecka
307687;Łuczek
546309;Dorodna
406180;Kryniczna
408475;Kazimierza pułaskiego
272881;Filarecka
338444;Szczęśliwa
550791;Bohaterów
501641;Leopolda lisa-kuli
429216;Koniczynowa
505591;Żywokostowa
282874;Giermków
387662;Lalki
344447;Kapelanów armii krajowej
391637;Franciszka szuberta
431661;Juliana kulskiego
349531;Alfreda nobla
467962;Podgrodzie
380883;Dolomitowa
548573;Królowej jadwigi
340592;Wałowicka
313860;Kosynierów
451174;Zapałczana
540374;Spiralna
477327;Stary dwór
442516;Szarych szeregów
446672;Hugona steinhausa
304642;Józefa ignacego kraszewskiego
523147;Ostra
342662;Plac artura zawiszy
350336;Plac stanisława małachowskiego
366219;Julianowska
319989;Długa
386834;Szczawnicka
410575;Nieborowska
348151;Łąkocińska
549199;Długopolska
375771;Peonii
497027;Menueta
284149;"Aleja \solidarności"""
413611;Tytułowa
329216;Naczelnikowska
438742;Sierpecka
291232;Jedwabnicza
345508;Marii kazimiery
353941;Saperska
390314;Krakowiaków
263269;Zygmunta iii
462559;Leliwitów
270529;"Zbigniewa gęsickiego \juno"""
536540;Sadurka
433899;Krobińska
358556;Marmurowa
349100;Kowelska
535409;Kostrzyńska
269304;Miłobędzka
488081;Gratyny
443352;Motycka
476300;Szepietowska
446943;Berneńska
521546;Teofila lenartowicza
318091;Jana kiepury
407174;Ix poprzeczna
339860;Liryczna
482241;Chorągwi pancernej
377665;Poręby
474723;Arbuzowa
259453;Henryka łasaka
493873;Figiel
269029;Czwartaków
458389;Arachidowa
484900;Lądowa
462768;Bitwy pod lenino
267204;Podmiejska
425603;Danusi
405054;Optyczna
413829;Bajaderki
292206;Marii rodziewiczówny
297582;Pastelowa
349899;Henryka melcera-szczawińskiego
329888;Józefa zaliwskiego
480675;Srebrnogórska
468480;Lewandów
543737;Józefa chmiela
345319;Władysława witwickiego
500256;Trzykrotki
313462;Święciańska
525741;Łacińska
276363;Leonidasa
449615;Swarzewska
414059;Miła
274840;Dekarska
420501;Żwanowiecka
308937;Stanisława konarskiego
496867;Stanisława jachowicza
416632;Kołacińska
289651;Sygnetowa
380964;Fletniowa
406858;Kokosowa
282083;Dalii
529359;Marii pawlikowskiej-jasnorzewskiej
551128;Przedmiejska
544745;Zbytki
389861;Borecka
319157;Mikołaja sępa-szarzyńskiego
272024;Cyklamenów
354527;Kuropatwy
340050;Tarnogórska
470754;Zbocze
278601;Długomiła
447287;Przydrożna
432331;Romańska
260938;Św. marii magdaleny
494826;Ramowa
284105;Żyrardowska
260677;Lawinowa
549861;Kanonierska
415658;Topazowa
329240;Modrzewiowa
289956;Bolesława gidzińskiego
524386;Kąty grodziskie
419324;Studencka
504990;Iv poprzeczna
548364;Poezji
459877;Prymulki
394954;Plac krasińskich
442897;Wschodnia
448287;Plac dionizego henkla
384502;Marii kazimiery
448937;Lucjana rydla
312443;Rynek solecki
337003;Zapłotek
392725;Pelplińska
376958;Rolna
444714;Rondo miłosna
381458;Dwóch mieczy
392361;Porannej bryzy
404413;Radosna
320857;Żeglarska
310686;Kosmatki
319482;Skalnicowa
495705;Fosa
262588;Swojska
357905;Wespazjana kochowskiego
351696;Radziłowska
271666;Kwitnącej łąki
472256;Józefa piusa dziekońskiego
499409;Łukasza drewny
378439;Henryka ii pobożnego
411086;Ezopa
377615;Słowicza
352873;Hieroglif
322175;Kazimierza wielkiego
390290;Stacja metra wilanowska
415018;Dywizjonu 303
316993;Redaktorska
457787;Długorzeczna
341620;Europejska
463288;Wiktoryn
464593;Morawska
437422;Bł. ładysława z gielniowa
385924;Cegłowska
353663;Śliska
374755;Or-ota
350106;Mieczysława wajnberga
401614;Lambady
322266;Architektów
512893;"Batalionu ak \olza"""
478653;Św. patryka
294892;Stefana korbońskiego
505933;Franciszka bohomolca
502460;Henrykowska
415985;Mieczysława szczuki
374415;Gilarska
503542;Stelmachów
473298;Renety
505027;Dymkowska
470892;Staszowska
415064;Traktorzystów
538970;Siodlarska
474745;Nizinna
472298;Koryncka
414187;Świebodzińska
477582;Wirażowa
274512;"Mjr. franciszka michała amałowicza \tatara"""
440253;Zaokopowa
497786;Mieczysława pawlikowskiego
486264;Jesiotrowa
413086;Zwrotnicza
415970;Rozwojowa
499271;Aleja przyjaciół
529165;Źródlana
529590;Ruskowy bród
538752;Popiela
476922;Muszkieterów
287264;Kamykowa
402382;Aleksandra wejnerta
504302;Jakubowska
497798;Antoniego solariego
500589;Geologiczna
492365;Sędziowska
326566;Józefa czechowicza
269876;Glebowa
473329;Okrągła
521051;Holenderska
341011;Płomyka
526235;Adama mickiewicza
375366;Sóweczki
428496;Dolina służewiecka
352575;Kadetów
288628;Rysia
400166;Rotmistrzowska
529656;Łotewska
314592;Jerzego beniamina flatta
469031;Duchnicka
418270;Słupska
510553;Stanisława leszczyńskiego
421884;Św. wojciecha
485187;Fregaty
276573;Zimna
356652;Karczunkowska
518129;Starego dębu
405413;Borków
277407;Aleja róż
538093;Elżbiety drużbackiej
325092;Konstantego ildefonsa gałczyńskiego
485347;Inna
283611;Szklarniowa
347301;"Skwer stefana kisielewskiego \kisiela"""
393679;Urodzajna
512158;Franciszka adolfa achera
404282;Kościelna
258737;Kiejstuta
510836;Ustronna
383933;Unicka
