UlicaID;Ulica_Name;Dzielnica_Name;Miasto_Name
511;Adamów;Brak;Adamów
1911;Aleksandrów łódzki;Brak;Aleksandrów łódzki
17415;Brużyczka mała;Brużyczka mała;Aleksandrów łódzki
24474;Karolew;Karolew;Aleksandrów łódzki
8488;Jakubowice;Jakubowice;Annopol
929;Babice;Brak;Babice
20695;Jankowice;Jankowice;Babice
13940;Cieszkowo-kolonia;Cieszkowo-kolonia;Baboszewo
52592;Niedarzyn;Niedarzyn;Baboszewo
11733;Matłak;Matłak;Bakałarzewo
4605;Płociczno;Płociczno;Bakałarzewo
25393;Sokołowo;Sokołowo;Bakałarzewo
2584;Baranowo;Brak;Baranowo
20500;Toporek;Toporek;Baranowo
18448;Wola czołnowska;Wola czołnowska;Baranów
289292;Międzywodzie;Skopanie;Baranów sandomierski
22965;Barciany;Barciany;Barciany
25882;Gulczewo;Gulczewo;Barcin
54977;Wolice;Wolice;Barcin
23200;Lamkowo;Lamkowo;Barczewo
3663;Wrócikowo;Wrócikowo;Barczewo
6863;Przyłęk;Przyłęk;Bardo
5797;Barlinek;Brak;Barlinek
1920;Bartniczka;Brak;Bartniczka
10718;Galiny;Galiny;Bartoszyce
12441;Kiertyny małe;Kiertyny małe;Bartoszyce
20677;Żardyny;Żardyny;Bartoszyce
24259;Bełchatów;Brak;Bełchatów
12746;Jaroszewice;Jaroszewice;Bełżyce
24138;Kaliszki;Kaliszki;Biała piska
19354;Kolonia kawałek;Kolonia kawałek;Biała piska
360;Biała podlaska;Brak;Biała podlaska
7902;Czosnówka;Czosnówka;Biała podlaska
11481;Mikołajówka;Mikołajówka;Biała podlaska
23704;Sycyna;Sycyna;Biała podlaska
542085;Królowej jadwigi;Ul. Królowej jadwigi;Biała podlaska
548957;Sidorska;Wola;Biała podlaska
31843;Rzyszczewo;Białogard;Białogardzki
11661;Stanomino;Białogard;Białogardzki
30;Białogardzki;Brak;Białogardzki
99764;Antoniuk;Antoniuk;Białystok
380625;Towarowa;Bojary;Białystok
352;Białystok;Brak;Białystok
549038;Gajowa;Dziesięciny;Białystok
441966;Pomorska;Skorupy;Białystok
69737;Skorupy;Skorupy;Białystok
22587;Bielawa;Brak;Bielawa
8061;Śmiłowo;Śmiłowo;Bielsk
20537;Nałogi;Nałogi;Bielsk podlaski
333;Bielsko-biała;Brak;Bielsko-biała
376425;Jeżynowa;Kamienica;Bielsko-biała
98849;Kamienica;Kamienica;Bielsko-biała
371823;Klemensa matusiaka;Ul. Klemensa matusiaka;Bielsko-biała
7808;Korzonek;Korzonek;Bierawa
312751;Granitowa;Bieruń nowy;Bieruń
10623;Kłodzin;Kłodzin;Bierzwnik
2125;Czarna;Czarna;Bieszczadzki
8183;Rosochate;Czarna;Bieszczadzki
15795;Muczne;Lutowiska;Bieszczadzki
17736;Ludwinowo;Ludwinowo;Bieżuń
16274;Huta łodzińska;Huta łodzińska;Bircza
11862;Sufczyna;Sufczyna;Bircza
16319;Suszka;Suszka;Biszcza
13375;Wólka biska;Wólka biska;Biszcza
44523;Bledzew;Bledzew;Bledzew
18019;Górawino;Górawino;Bobolice
497060;Dworcowa;Ul. Dworcowa;Bobolice
48700;Sączów;Sączów;Bobrowniki
3959;Czartówiec;Czartówiec;Bobrowo
28289;Bochnia;Brak;Bochnia
21316;Wise;Wise;Bochnia
25547;Białobrzegi;Białobrzegi;Bodzanów
1970;Bodzanów;Brak;Bodzanów
332570;Aleja trzech państw;Kopaczów;Bogatynia
3410;Posada;Posada;Bogatynia
417625;Władysława stanisława reymonta;Ul. Władysława stanisława reymonta;Boguszów-gorce
38617;Bolesławiec;Brak;Bolesławiec
419550;Stefana starzyńskiego;Ul. Stefana starzyńskiego;Bolesławiec
6319;Frasunek;Frasunek;Borek wielkopolski
45028;Tchórzew-kolonia;Tchórzew-kolonia;Borki
22959;Smagów;Smagów;Borkowice
10768;Borne sulinowo;Brak;Borne sulinowo
3397;Chojęcin;Chojęcin;Bralin
18426;Patoki;Patoki;Brańsk
26018;Tarnówko;Tarnówko;Brodnica
520000;Strażacka;Ul. Strażacka;Brodnica
44874;Karczma kunowska;Karczma kunowska;Brody
18221;Kaczkowo nowe;Kaczkowo nowe;Brok
19812;Janoszyce;Janoszyce;Brudzeń duży
8982;Rokicie;Rokicie;Brudzeń duży
31961;Sikórz;Sikórz;Brudzeń duży
44370;Warszyn;Warszyn;Brusy
8553;Zalesie;Zalesie;Brusy
486086;Ofiar katynia;Ul. Ofiar katynia;Brzeg
15617;Sterkowiec;Sterkowiec;Brzesko
280142;Diamentowa;Ul. Diamentowa;Brzesko
39265;Brzeziny;Brak;Brzeziny
26220;Polik;Polik;Brzeziny
422652;Słoneczna;Brzeźnica;Brzeźnica
598;Brzozów;Brak;Brzozów
14872;Kowalew;Kowalew;Buczek
52235;Wyszyny;Wyszyny;Budzyń
2005;Buk;Brak;Buk
30511;Busko-zdrój;Brak;Busko-zdrój
262058;Sady;Ul. Sady;Busko-zdrój
54560;Urszulin;Urszulin;Bychawa
548367;Nastrojowa;Bartodzieje małe;Bydgoszcz
99522;Bielawy;Bielawy;Bydgoszcz
375601;Jana karola chodkiewicza;Bielawy;Bydgoszcz
265611;Marii curie skłodowskiej;Bielawy;Bydgoszcz
535184;Jana zamoyskiego;Bocianowo;Bydgoszcz
374;Bydgoszcz;Brak;Bydgoszcz
401995;Ludwika waryńskiego;Błonie;Bydgoszcz
76854;Czyżkówko;Czyżkówko;Bydgoszcz
465691;Karolewska;Czyżkówko;Bydgoszcz
99261;Jachcice;Jachcice;Bydgoszcz
71509;Kapuściska;Kapuściska;Bydgoszcz
284775;Sandomierska;Kapuściska;Bydgoszcz
492580;Jagiellońska;Skrzetusko;Bydgoszcz
375000;Grudziądzka;Stare miasto;Bydgoszcz
278153;Gen. stanisława taczaka;Stary Fordon;Bydgoszcz
356046;Stanisława leszczyńskiego;Szwederowo;Bydgoszcz
73495;Szwederowo;Szwederowo;Bydgoszcz
269000;Wiktora degi;Ul. Wiktora degi;Bydgoszcz
470681;Ku wiatrakom;Wyżyny;Bydgoszcz
369864;Tadeusza boya-żeleńskiego;Wyżyny;Bydgoszcz
105497;Wyżyny;Wyżyny;Bydgoszcz
384;Bytom;Brak;Bytom
547420;Dworcowa;Centrum;Bytom
301924;Hugona kołłątaja;Karb;Bytom
68013;Karb;Karb;Bytom
66586;Rozbark;Rozbark;Bytom
26498;Dąbrowa;Dąbrowa;Bytoń
18014;Udorpie;Udorpie;Bytów
13717;Będzin;Brak;Będzin
324237;Powstańców śląskich;Ul. Powstańców śląskich;Będzin
379999;Rzeszowska;Ul. Rzeszowska;Będzin
14342;Zagaje;Zagaje;Będzino
8547;Trzylatków-parcela;Trzylatków-parcela;Błędów
16716;Rudnik;Rudnik;Cegłów
9043;Dąbrówka;Dąbrówka;Celestynów
358778;Juliusza słowackiego;Ul. Juliusza słowackiego;Centrum
50723;Cewice;Cewice;Cewice
15887;Przepłochy;Przepłochy;Cewice
17148;Unieszyniec;Unieszyniec;Cewice
26433;Uniejów-kolonia;Uniejów-kolonia;Charsznica
367;Chełm;Brak;Chełm
17991;Zagroda;Zagroda;Chełm
449000;Podłuże;Chełm śląski;Chełm śląski
20360;Klimkówka;Klimkówka;Chełmiec
11488;Ubiad;Ubiad;Chełmiec
2024;Chełmno;Brak;Chełmno
23134;Chełmno;Brak;Chełmno
2523;Chełmża;Brak;Chełmża
42788;Zalesie;Zalesie;Chełmża
13290;Borówki;Borówki;Chmielnik
1975;Chmielnik;Brak;Chmielnik
2974;Chmielno;Brak;Chmielno
9550;Skibice;Skibice;Choceń
53881;Ciekocino;Ciekocino;Choczewo
24716;Chodzież;Brak;Chodzież
1979;Chojna;Brak;Chojna
5924;Grzybno;Grzybno;Chojna
48306;Chojnice;Brak;Chojnice
46745;Porosły;Porosły;Choroszcz
351;Chorzów;Brak;Chorzów
445263;Władysława truchana;Centrum;Chorzów
391176;3 maja;Chorzów II;Chorzów
399920;Karolinki;Ul. Karolinki;Chorzów
2122;Chrostkowo;Brak;Chrostkowo
9491;Płaza;Płaza;Chrzanów
417119;Słoneczna;Lędziny;Chrząstowice
20696;Krężel;Krężel;Chynów
25285;Sobkowe;Sobkowe;Ciasna
36935;Ciechanów;Brak;Ciechanów
426048;Adama asnyka;Kargoszyn;Ciechanów
509540;Osiedle ułanów;Osiedle ułanów;Ciechanów
427504;Spółdzielcza;Ul. Spółdzielcza;Ciechanów
18704;Wólka rydzewska;Wólka rydzewska;Ciechanów
14747;Muszkowice;Muszkowice;Ciepłowody
19000;Bogoniowice;Bogoniowice;Ciężkowice
2013;Cmolas;Brak;Cmolas
11053;Białkówek;Białkówek;Cybinka
9329;Wólka cycowska;Wólka cycowska;Cyców
1995;Czaplinek;Brak;Czaplinek
22928;Brzezinka;Brzezinka;Czaplinek
16308;Flisów;Flisów;Czarna dąbrówka
46791;Czeladź;Brak;Czeladź
2136;Czemierniki;Brak;Czemierniki
19335;Czernica;Czernica;Czernica
15365;Pawłówko;Pawłówko;Czernice borowe
27148;Toki;Toki;Czernice borowe
8054;Załogi-jędrzejki;Załogi-jędrzejki;Czernice borowe
13802;Zawale;Zawale;Czernichów
26970;Kęsza;Kęsza;Czersk
8467;Szałamaje;Szałamaje;Czersk
57976;Uboga;Uboga;Czersk
13514;Zapędowo;Zapędowo;Czersk
1980;Czerwieńsk;Brak;Czerwieńsk
14009;Piaśnica;Piaśnica;Czerwieńsk
52819;Dobki stare;Dobki stare;Czerwin
53130;Piski;Piski;Czerwin
17421;Stare radzikowo;Stare radzikowo;Czerwińsk nad wisłą
521857;Osiedle leśne;Koziegłowy;Czerwonak
45206;Ludwikowo;Ludwikowo;Czerwonak
7117;Lipniki;Lipniki;Czerwonka
13625;Kluszkowce;Kluszkowce;Czorsztyn
460889;Za stylchyn;Kluszkowce;Czorsztyn
487912;Wiśniowa;Łomna-las;Czosnów
22866;Łomna-las;Łomna-las;Czosnów
21789;Podrzeczany;Podrzeczany;Czyże
339;Częstochowa;Brak;Częstochowa
519274;Krzysztofa kamila baczyńskiego;Północ;Częstochowa
510232;Aleja pokoju;Raków;Częstochowa
377238;Józefa mireckiego;Raków;Częstochowa
101540;Raków;Raków;Częstochowa
476583;Diamentowa;Ul. Diamentowa;Częstochowa
500319;Bohaterów katynia;Wrzosowiak;Częstochowa
63481;Wrzosowiak;Wrzosowiak;Częstochowa
486360;Jasnogórska;Śródmieście;Częstochowa
1237;Daleszyce;Brak;Daleszyce
21238;Niwy;Niwy;Daleszyce
24143;Eufemia;Eufemia;Dalików
11179;Lubocha;Lubocha;Dalików
413463;Kropla bałtyku;Darłówko;Darłowo
5038;Dąbki;Dąbki;Darłowo
17011;Leśnica;Leśnica;Darłowo
6746;Słowinko;Słowinko;Darłowo
2008;Debrzno;Brak;Debrzno
53623;Debrzno;Brak;Debrzno
51633;Dobczyce;Brak;Dobczyce
2010;Dobiegniew;Brak;Dobiegniew
23242;Strzelce dolne;Strzelce dolne;Dobrcz
20667;Nowa wieś;Nowa wieś;Dobre
9440;Ułomie;Ułomie;Dobre
10400;Kazimierowo;Kazimierowo;Dobre miasto
35447;Smolajny;Smolajny;Dobre miasto
14890;Celów;Celów;Dobromierz
35093;Szymanów;Szymanów;Dobromierz
14642;Dobryszyce;Dobryszyce;Dobryszyce
11810;Strachoń;Strachoń;Dobrzyń nad wisłą
7535;Piskorzów;Piskorzów;Domaniów
10653;Polwica;Polwica;Domaniów
10507;Wielka kolonia;Wielka kolonia;Domaszowice
290000;Parkowa;Trzcielin;Dopiewo
45655;Ostrów;Ostrów;Dorohusk
11139;Honiatyn;Honiatyn;Dołhobyczów
22500;Hulcze;Hulcze;Dołhobyczów
16727;Majdan;Majdan;Dołhobyczów
25267;Mniszek;Mniszek;Dragacz
13004;Kiełpino;Kiełpino;Drawno
24401;Nętno;Nętno;Drawsko pomorskie
18106;Leszczanka;Leszczanka;Drelów
40651;Górczynka;Górczynka;Drezdenko
13400;Dobrosielice drugie;Dobrosielice drugie;Drobin
50966;Świerczyn-bęchy;Świerczyn-bęchy;Drobin
2017;Drohiczyn;Brak;Drohiczyn
44921;Zakościele;Zakościele;Drzewica
12615;Dubiecko;Brak;Dubiecko
9439;Kamieniec;Kamieniec;Dukla
13849;Rzeczyca sucha;Rzeczyca sucha;Dwikozy
40489;Działdowo;Brak;Działdowo
11264;Iżykowice;Iżykowice;Działoszyce
61161;Kalisz;Kalisz;Dziemiany
9871;Stare brzozowo;Stare brzozowo;Dzierzgowo
8058;Stara wieś;Stara wieś;Dzierzgoń
11455;Sosnowa wola;Sosnowa wola;Dzierzkowice
60350;Dziwnów;Brak;Dziwnów
463918;Wolności;Dziwnówek;Dziwnów
33108;Międzywodzie;Międzywodzie;Dziwnów
4573;Łukęcin;Łukęcin;Dziwnów
31654;Sucharzewo;Sucharzewo;Dąbrowa
14532;Szczepanowo;Szczepanowo;Dąbrowa
2019;Dąbrowa chełmińska;Brak;Dąbrowa chełmińska
363;Dąbrowa górnicza;Brak;Dąbrowa górnicza
2023;Dąbrowice;Brak;Dąbrowice
1990;Dębe wielkie;Brak;Dębe wielkie
8224;Poręby;Poręby;Dębe wielkie
21237;Paszczyna;Paszczyna;Dębica
17107;Boguszyce;Boguszyce;Dębnica kaszubska
9848;Choszczówko;Choszczówko;Dębno
6916;Roztok;Roztok;Dębno
5962;Pasikurowice;Pasikurowice;Długołęka
11977;Dźwierzutki;Dźwierzutki;Dźwierzuty
260214;Aleja grunwaldzka;Aleja grunwaldzka;Elbląg
349;Elbląg;Brak;Elbląg
52844;Przezmark;Przezmark;Elbląg
291346;Hetmańska;Ul. Hetmańska;Elbląg
468357;Piotra kłoczowskiego;Ul. Piotra kłoczowskiego;Elbląg
28055;Ełk;Brak;Ełk
411836;Fryderyka chopina;Centrum;Ełk
451636;Wojska polskiego;Centrum;Ełk
31366;Chojniak;Chojniak;Ełk
528984;Jana pawła ii;Nowa wieś ełcka;Ełk
511782;Grodzieńska;Ul. Grodzieńska;Ełk
470312;Jana pawła ii;Ul. Jana pawła ii;Ełk
506658;Michała kajki;Ul. Michała kajki;Ełk
39760;Rybotycze;Rybotycze;Fredropol
468447;Skwer prezydenta lecha kaczyńskiego;Skwer prezydenta lecha kaczyńskiego;Garwolin
373;Gdańsk;Brak;Gdańsk
551463;Anny jagiellonki;Chełm;Gdańsk
543436;Marcina dragana;Chełm;Gdańsk
367937;Jabłoniowa;Jasień;Gdańsk
82364;Jasień;Jasień;Gdańsk
440980;Krzysztofa komedy;Jasień;Gdańsk
300641;Lawendowe wzgórze;Jasień;Gdańsk
304627;Potęgowska;Jasień;Gdańsk
89092;Jelitkowo;Jelitkowo;Gdańsk
262477;Przytulna;Kiełpinek;Gdańsk
439242;Heliosa;Kowale;Gdańsk
498798;Letnicka;Letnica;Gdańsk
430134;Starowiejska;Letnica;Gdańsk
517652;Sucha;Letnica;Gdańsk
476027;Myśliwska;Morena;Gdańsk
424750;Ks. jerzego popiełuszki;Młyniska;Gdańsk
538831;Karpacka;Oliwa;Gdańsk
93910;Oliwa;Oliwa;Gdańsk
95786;Orunia;Orunia;Gdańsk
446135;Borkowska;Orunia-Św. Wojciech-Lipce;Gdańsk
403313;Koralowa;Orunia-Św. Wojciech-Lipce;Gdańsk
76393;Osowa;Osowa;Gdańsk
324970;Ignacego matuszewskiego;Piecki-Migowo;Gdańsk
312711;Myśliwskie wzgórze;Piecki-Migowo;Gdańsk
286786;Teofila lenartowicza;Przeróbka;Gdańsk
447400;Czarny dwór;Przymorze;Gdańsk
460546;Jagiellońska;Przymorze;Gdańsk
370251;Prezydenta lecha kaczyńskiego;Przymorze;Gdańsk
75965;Przymorze;Przymorze;Gdańsk
461533;Kartuska;Siedlce;Gdańsk
514750;Legnicka;Siedlce;Gdańsk
419869;Powstańców warszawskich;Siedlce;Gdańsk
89001;Siedlce;Siedlce;Gdańsk
346584;Niepołomicka;Ujeścisko;Gdańsk
334586;Stanisława dąbka;Ujeścisko;Gdańsk
82186;Ujeścisko;Ujeścisko;Gdańsk
411284;Cedrowa;Ujeścisko-łostowice;Gdańsk
357082;Nadmorski dwór;Ul. Nadmorski dwór;Gdańsk
344517;Tysiąclecia;Ul. Tysiąclecia;Gdańsk
394333;Aleja grunwaldzka;Wrzeszcz;Gdańsk
293744;Bolesława leśmiana;Wrzeszcz;Gdańsk
392003;Grudziądzka;Wrzeszcz;Gdańsk
508935;Partyzantów;Wrzeszcz;Gdańsk
363365;Startowa;Zaspa;Gdańsk
71293;Zaspa;Zaspa;Gdańsk
474310;Żwirki i wigury;Zaspa;Gdańsk
321062;Hokejowa;Łostowice;Gdańsk
440996;Jaglana;Śródmieście;Gdańsk
345577;Korzenna;Śródmieście;Gdańsk
476671;Rybaki górne;Śródmieście;Gdańsk
419015;Toruńska;Śródmieście;Gdańsk
473637;Wałowa;Śródmieście;Gdańsk
105466;Śródmieście;Śródmieście;Gdańsk
388;Gdynia;Brak;Gdynia
97727;Chylonia;Chylonia;Gdynia
65597;Dąbrowa;Dąbrowa;Gdynia
405426;Rdestowa;Dąbrowa;Gdynia
104414;Grabówek;Grabówek;Gdynia
457000;Sambora;Grabówek;Gdynia
461360;Stanisława wąsowicza;Grabówek;Gdynia
512672;Strzelców;Mały kack;Gdynia
73559;Obłuże;Obłuże;Gdynia
285009;Podgórska;Obłuże;Gdynia
349000;Plac wolnej ukrainy;Plac wolnej ukrainy;Gdynia
371258;Żeliwna;Pogórze;Gdynia
80236;Redłowo;Redłowo;Gdynia
463161;Wiczlińska;Wiczlino;Gdynia
370162;Narcyzowa;Witomino-radiostacja;Gdynia
524053;Nauczycielska;Witomino-radiostacja;Gdynia
375885;Jerzego waszyngtona;Śródmieście;Gdynia
513224;Stefana żeromskiego;Śródmieście;Gdynia
98012;Śródmieście;Śródmieście;Gdynia
472808;Świętojańska;Śródmieście;Gdynia
52856;Daniłowce;Daniłowce;Giby
868;Gidle;Brak;Gidle
4863;Ojrzeń;Ojrzeń;Gidle
14989;Włynice;Włynice;Gidle
9385;Zagórze;Zagórze;Gidle
3772;Giżycko;Brak;Giżycko
7563;Brody młockie;Brody młockie;Glinojeck
386;Gliwice;Brak;Gliwice
105665;Sikornik;Sikornik;Gliwice
547791;Ks. dr. antoniego korczoka;Sośnica;Gliwice
91320;Stare gliwice;Stare gliwice;Gliwice
103202;Szobiszowice;Szobiszowice;Gliwice
491325;Cichociemnych;Trynek;Gliwice
3811;Pieniążkowo;Pieniążkowo;Gniew
7157;Bychowo;Bychowo;Gniewino
11637;Nadole;Nadole;Gniewino
12696;Gniezno;Brak;Gniezno
44823;Górażdże;Górażdże;Gogolin
2308;Golczewo;Brak;Golczewo
9501;Dobromyśl;Dobromyśl;Golczewo
7801;Goleniów;Brak;Goleniów
4474;Krzewno;Krzewno;Goleniów
37675;Marszewo;Marszewo;Goleniów
325529;Godziszowska;Godziszów;Goleszów
7511;Golub-dobrzyń;Brak;Golub-dobrzyń
51310;Krążno;Krążno;Golub-dobrzyń
26326;Osowiec-twierdza;Osowiec-twierdza;Goniądz
7097;Kwiatonowice;Kwiatonowice;Gorlice
14268;Gostynin;Brak;Gostynin
3840;Górki pierwsze;Górki pierwsze;Gostynin
7545;Zwoleń;Zwoleń;Gostynin
10601;Kowalewo-boguszyce;Kowalewo-boguszyce;Gozdowo
29000;Suczki;Suczki;Gołdap
13680;Wielgołęka;Wielgołęka;Gołymin-ośrodek
24123;Nowa sobótka;Nowa sobótka;Grabów
22305;Wygorzele;Wygorzele;Grabów
18285;Czarna wielka;Czarna wielka;Grodzisk
8728;Żery-pilaki;Żery-pilaki;Grodzisk
35350;Grodzisk mazowiecki;Brak;Grodzisk mazowiecki
364941;Żyrardowska;Centrum;Grodzisk mazowiecki
31886;Chawłowo;Chawłowo;Grodzisk mazowiecki
25095;Albertowsko;Albertowsko;Grodzisk wielkopolski
334;Grudziądz;Brak;Grudziądz
70446;Rządz;Rządz;Grudziądz
1594;Świecie nad osą;Świecie nad osą;Grudziądzki
4805;Kołomąć;Kołomąć;Gryfice
3222;Gryfino;Brak;Gryfino
381827;Flisacza;Ul. Flisacza;Gryfino
60586;Ubocze;Ubocze;Grzmiąca
16935;Bobrowniki;Bobrowniki;Gródek
16492;Rożnów;Rożnów;Gródek nad dunajcem
18830;Duży dół;Duży dół;Grójec
308648;Polna;Głuchów;Grójec
14000;Kózki;Kózki;Grębków
20529;Orliska;Orliska;Grębów
20573;Budoradz;Budoradz;Gubin
18241;Drzeńsk wielki;Drzeńsk wielki;Gubin
10050;Pleśno;Pleśno;Gubin
20000;Kąty;Kąty;Góra kalwaria
423797;Jana ludwika popławskiego;Ul. Jana ludwika popławskiego;Górczyn
41804;Nerwiki;Nerwiki;Górowo iławeckie
6855;Laski wielkie;Laski wielkie;Gąsawa
37029;Głogów;Brak;Głogów
390924;Mechaniczna;Ul. Mechaniczna;Głogów
399000;Fryderyka chopina;Rogoźnica;Głogów małopolski
15700;Zapole;Zapole;Głogów małopolski
6137;Anachów;Anachów;Głogówek
8828;Stare kotkowice;Stare kotkowice;Głogówek
4572;Brzóza;Brzóza;Głowaczów
19626;Osiedle pasterówka;Osiedle pasterówka;Głuchołazy
13995;Głuszczyzna;Głuszczyzna;Głusk
1997;Głuszyca;Brak;Głuszyca
16813;Dochowo;Dochowo;Główczyce
7666;Łęg;Łęg;Haczów
40340;Huta krzeszowska;Huta krzeszowska;Harasiuki
18034;Herby;Herby;Herby
54607;Monasterz;Monasterz;Horyniec-zdrój
21095;Dąbrowa;Dąbrowa;Hrubieszów
19430;Inowrocław;Brak;Inowrocław
23036;Sikorowo;Sikorowo;Inowrocław
291710;Ignacego daszyńskiego;Ul. Ignacego daszyńskiego;Inowrocław
375396;Szymborska;Ul. Szymborska;Inowrocław
17475;Sikornik;Sikornik;Irządze
36269;Zawadka;Zawadka;Irządze
9252;Olchowa;Olchowa;Iwierzyce
569;Iwonicz-zdrój;Brak;Iwonicz-zdrój
10772;Iława;Brak;Iława
2700;Iłowa;Brak;Iłowa
9503;Wilkowisko;Wilkowisko;Iłowa
18148;Błaziny górne;Błaziny górne;Iłża
16296;Jabłonowo-zamek;Jabłonowo-zamek;Jabłonowo pomorskie
19980;Wężówka;Wężówka;Jadów
16270;Studzieńczyna;Studzieńczyna;Janów
51030;Janów lubelski;Brak;Janów lubelski
13180;Romanów;Romanów;Janów podlaski
92829;Zaolzie;Zaolzie;Jarczów
36536;Jarocin;Brak;Jarocin
7394;Radlin;Radlin;Jarocin
339521;Węglowa;Ul. Węglowa;Jarocin
505200;Osiedle ustronne;Witaszyce;Jarocin
52942;Trzcianka;Trzcianka;Jasieniec
21628;Jasień;Brak;Jasień
58225;Jastarnia;Brak;Jastarnia
53779;Jastrowie;Brak;Jastrowie
1938;Jastrząb;Brak;Jastrząb
1969;Jastrząb;Brak;Jastrząb
11793;Kuźnia;Kuźnia;Jastrząb
348;Jastrzębie-zdrój;Brak;Jastrzębie-zdrój
387937;Turystyczna;Ul. Turystyczna;Jastrzębie-zdrój
921;Jasło;Brak;Jasło
49659;Jasło;Brak;Jasło
14442;Niepla;Niepla;Jasło
13480;Jawor;Brak;Jawor
265000;Ks. kazimierza ciuby;Ul. Ks. kazimierza ciuby;Jaworzno
12004;Pasieczna;Pasieczna;Jaworzyna śląska
10268;Kamińsk;Kamińsk;Jedlińsk
19277;Olszewka;Olszewka;Jednorożec
12775;Żelazna rządowa;Żelazna rządowa;Jednorożec
23649;Biczki;Biczki;Jedwabne
1905;Jedwabne;Brak;Jedwabne
20294;Przestrzele;Przestrzele;Jedwabne
17998;Brajniki;Brajniki;Jedwabno
428;Jelcz-laskowice;Brak;Jelcz-laskowice
40555;Celina;Celina;Jelcz-laskowice
296232;Fryderyka chopina;Chwałowice;Jelcz-laskowice
393;Jelenia góra;Brak;Jelenia góra
478815;Zagajnik;Cieplice śląskie-zdrój;Jelenia góra
8639;Potoczek;Potoczek;Jerzmanowa
13989;Pod skałą;Pod skałą;Jerzmanowice-przeginia
14686;Potrzymiech rzeszynkowski;Potrzymiech rzeszynkowski;Jeziora wielkie
504000;Sosnowa;Jonkowo;Jonkowo
6809;Kajny;Kajny;Jonkowo
10520;Porbady;Porbady;Jonkowo
12839;Tryczówka;Tryczówka;Juchnowiec kościelny
48491;Jutrosin;Brak;Jutrosin
24838;Żbiki;Żbiki;Jutrosin
8320;Józefów;Brak;Józefów
3593;Borów;Borów;Jędrzejów
17742;Łysaków drugi;Łysaków drugi;Jędrzejów
347;Kalisz;Brak;Kalisz
264694;Podmiejska;Dobrzec;Kalisz
24623;Siekiercze;Siekiercze;Kalisz pomorski
12367;Rudnik wielki;Rudnik wielki;Kamienica polska
12143;Ujazd-huby;Ujazd-huby;Kamieniec
39772;Mrokocin;Mrokocin;Kamieniec ząbkowicki
20241;Kamienna góra;Brak;Kamienna góra
384103;Jeleniogórska;Ul. Jeleniogórska;Kamienna góra
21926;Duble;Duble;Kamień
10639;Kamień;Kamień;Kamień
25894;Huta porajska;Huta porajska;Kamieńsk
45281;Chełchy iłowe;Chełchy iłowe;Karniewo
10726;Łukowo;Łukowo;Karniewo
8900;Dąbrowa;Dąbrowa;Karsin
19155;Podrąbiona;Podrąbiona;Karsin
1620;Kartuzy;Brak;Kartuzy
355;Katowice;Brak;Katowice
503037;Gen. józefa sowińskiego;Dolina trzech stawów;Katowice
288354;Szybowcowa;Dolina trzech stawów;Katowice
534572;Chorzowska;Dąb;Katowice
67364;Dąb;Dąb;Katowice
456375;Aleja wojciecha korfantego;Koszutka;Katowice
490913;Katowicka;Koszutka;Katowice
68746;Ligota;Ligota;Katowice
453169;Gdańska;Ligota-Panewniki;Katowice
412124;Aleksandra fredry;Piotrowice;Katowice
99681;Piotrowice;Piotrowice;Katowice
274369;Marcina radockiego;Piotrowice-Ochojec;Katowice
442048;Targowa;Piotrowice-Ochojec;Katowice
81386;Zadole;Zadole;Katowice
94327;Zarzecze;Zarzecze;Katowice
497300;Księdza piotra skargi;Śródmieście;Katowice
335782;Tadeusza kościuszki;Śródmieście;Katowice
442010;Żwirki i wigury;Śródmieście;Katowice
14264;Józefkowo;Józefkowo;Kcynia
7245;Suchoręcz;Suchoręcz;Kcynia
274760;Obrońców westerplatte;Baranówek;Kielce
79391;Bocianek;Bocianek;Kielce
381;Kielce;Brak;Kielce
283903;Krakowska;Cegielnia;Kielce
524947;Warszawska;Centrum;Kielce
550478;50-lecia ksm;Skwer 50-lecia ksm;Kielce
284150;Miodowa;Szydłówek;Kielce
104025;Szydłówek;Szydłówek;Kielce
460778;Sabinówek;Ul. Sabinówek;Kielce
511933;Szydłówek górny;Ul. Szydłówek górny;Kielce
370007;Jerzego szajnowicza-iwanowa;Ślichowice;Kielce
37885;Zamiary;Zamiary;Kiernozia
23707;Młynki;Młynki;Kije
59343;Kikół-wieś;Kikół-wieś;Kikół
4244;Klimy;Klimy;Kisielice
14796;Genowefa;Genowefa;Kleczew
53183;Sławoszewo;Sławoszewo;Kleczew
656;Klembów;Brak;Klembów
14330;Orzesznik;Orzesznik;Klembów
14417;Repczyce;Repczyce;Kleszczele
52854;Rowy;Rowy;Kleszczele
29281;Kluczbork;Brak;Kluczbork
11921;Jeżowiec;Jeżowiec;Kluczewsko
11907;Kluczewsko;Kluczewsko;Kluczewsko
10102;Rudka;Rudka;Kluczewsko
24347;Stoczyska;Stoczyska;Kluczewsko
19044;Podwódka;Podwódka;Kluki
21805;Lipowe;Lipowe;Klwów
14895;Knurów;Brak;Knurów
21787;Guzy;Guzy;Knyszyn
11270;Gorgoń;Gorgoń;Kobiele wielkie
33949;Bielany wrocławskie;Bielany wrocławskie;Kobierzyce
7895;Bzowo;Bzowo;Kobylnica
2658;Kocierzew południowy;Brak;Kocierzew południowy
13699;Kocierzew północny;Kocierzew północny;Kocierzew południowy
12678;Annopol;Annopol;Kock
17796;Kowale;Kowale;Kolbudy
22590;Zagranica;Zagranica;Kolbuszowa
23196;Pachuczyn;Pachuczyn;Kolno
1978;Koniecpol;Brak;Koniecpol
331;Konin;Brak;Konin
278922;11 listopada;Czarków;Konin
51930;Kijas;Kijas;Konopiska
3124;Konopnica;Brak;Konopnica
25557;Borowina;Borowina;Konstancin-jeziorna
10547;Konstancin-jeziorna;Brak;Konstancin-jeziorna
339000;Główna;Ul. Główna;Kornowac
34006;Koronowo;Brak;Koronowo
15675;Gościeradz;Gościeradz;Koronowo
307371;Różana;Gościeradz;Koronowo
22880;Osiedle awaryjne;Osiedle awaryjne;Koronowo
23863;Szumowo;Szumowo;Korycin
2566;Kosakowo;Brak;Kosakowo
398091;Zatokowa;Mechelinki;Kosakowo
13696;Pogórze;Pogórze;Kosakowo
8652;Buszkówiec;Buszkówiec;Kostrzyn
27683;Kostrzyn nad odrą;Brak;Kostrzyn nad odrą
389;Koszalin;Brak;Koszalin
316841;Żytnia;Sarzyno;Koszalin
296392;Eugeniusza kwiatkowskiego;Ul. Eugeniusza kwiatkowskiego;Koszalin
388984;Kardynała stefana wyszyńskiego;Ul. Kardynała stefana wyszyńskiego;Koszalin
494917;Zwycięstwa;Ul. Zwycięstwa;Koszalin
453225;Żwirowa;Ul. Żwirowa;Koszalin
17547;Pod halą;Pod halą;Koszarawa
44872;Jaksice;Jaksice;Koszyce
8447;Jagodne;Jagodne;Kotuń
13500;Łączka;Łączka;Kotuń
17789;Łęki;Łęki;Kotuń
432;Kowal;Brak;Kowal
16967;Szosa włocławska;Szosa włocławska;Kowal
11923;Adamów;Adamów;Kowala
16057;Kowalówka;Kowalówka;Kowala
20068;Parznice;Parznice;Kowala
24578;Borkowiny;Borkowiny;Kowale oleckie
17272;Zawady oleckie;Zawady oleckie;Kowale oleckie
1900;Koziegłowy;Brak;Koziegłowy
1890;Kozłów;Brak;Kozłów
21174;Przysieka;Przysieka;Kozłów
25958;Moczyły;Moczyły;Kołbaskowo
11728;Bocian;Bocian;Kołbiel
4430;Dorobna;Dorobna;Koło
18868;Kołobrzeg;Brak;Kołobrzeg
5583;Budzistowo;Budzistowo;Kołobrzeg
477349;Stare miasto;Budzistowo;Kołobrzeg
50669;Grzybowo;Grzybowo;Kołobrzeg
512190;Wincentego witosa;Ul. Wincentego witosa;Kołobrzeg
399423;Bałtycka;Śródmieście;Kołobrzeg
2009;Końskie;Brak;Końskie
20474;Nałęczów;Nałęczów;Końskie
92775;Długopolska;Długopolska;Kościelisko
16402;Wrotków;Wrotków;Koźmin wielkopolski
4843;Drwalewice;Drwalewice;Kożuchów
337;Kraków;Brak;Kraków
100360;Azory;Kraków-krowodrza;Kraków
383821;Bartosza głowackiego;Kraków-krowodrza;Kraków
79323;Bielany;Kraków-krowodrza;Kraków
72362;Bronowice małe;Kraków-krowodrza;Kraków
82886;Bronowice wielkie;Kraków-krowodrza;Kraków
491157;Bronowicka;Kraków-krowodrza;Kraków
430757;Feliksa szlachtowskiego;Kraków-krowodrza;Kraków
96506;Górka narodowa;Kraków-krowodrza;Kraków
463933;Henryka pachońskiego;Kraków-krowodrza;Kraków
441441;Jabłonkowska;Kraków-krowodrza;Kraków
529442;Józefa chełmońskiego;Kraków-krowodrza;Kraków
289726;Józefa friedleina;Kraków-krowodrza;Kraków
407425;Józefa wybickiego;Kraków-krowodrza;Kraków
100392;Krowodrza;Kraków-krowodrza;Kraków
403531;Lucjana rydla;Kraków-krowodrza;Kraków
100740;Nowa wieś;Kraków-krowodrza;Kraków
304049;Osiedle bronowice nowe;Kraków-krowodrza;Kraków
311766;Osiedle krowodrza górka;Kraków-krowodrza;Kraków
323617;Prądnicka;Kraków-krowodrza;Kraków
85909;Prądnik biały;Kraków-krowodrza;Kraków
277315;Pękowicka;Kraków-krowodrza;Kraków
94349;Zwierzyniec;Kraków-krowodrza;Kraków
75966;Łobzów;Kraków-krowodrza;Kraków
70029;Bieńczyce;Kraków-nowa huta;Kraków
94050;Czyżyny;Kraków-nowa huta;Kraków
287825;Gustawa morcinka;Kraków-nowa huta;Kraków
3279;Kraków-nowa huta;Kraków-nowa huta;Kraków
83978;Mistrzejowice;Kraków-nowa huta;Kraków
283294;Osiedle bohaterów września;Kraków-nowa huta;Kraków
291664;Romana ciesielskiego;Kraków-nowa huta;Kraków
354582;Adama bochenka;Kraków-podgórze;Kraków
407438;Agatowa;Kraków-podgórze;Kraków
531346;Anny szwed-śniadowskiej;Kraków-podgórze;Kraków
102676;Bieżanów;Kraków-podgórze;Kraków
105539;Bieżanów-Prokocim;Kraków-podgórze;Kraków
64571;Bonarka;Kraków-podgórze;Kraków
79690;Dębniki;Kraków-podgórze;Kraków
418168;Jana kantego federowicza;Kraków-podgórze;Kraków
387417;Komandosów;Kraków-podgórze;Kraków
93608;Ludwinów;Kraków-podgórze;Kraków
281428;Na ustroniu;Kraków-podgórze;Kraków
66540;Podgórze;Kraków-podgórze;Kraków
105391;Prokocim;Kraków-podgórze;Kraków
103400;Płaszów;Kraków-podgórze;Kraków
465056;Rydlówka;Kraków-podgórze;Kraków
542407;Saska;Kraków-podgórze;Kraków
65782;Skotniki;Kraków-podgórze;Kraków
78550;Swoszowice;Kraków-podgórze;Kraków
84402;Łagiewniki;Kraków-podgórze;Kraków
518372;Bonerowska;Kraków-śródmieście;Kraków
432589;Bosaków;Kraków-śródmieście;Kraków
466850;Bracka;Kraków-śródmieście;Kraków
403566;Grzegórzecka;Kraków-śródmieście;Kraków
63759;Grzegórzki;Kraków-śródmieście;Kraków
84473;Kleparz;Kraków-śródmieście;Kraków
376532;Mikołaja zyblikiewicza;Kraków-śródmieście;Kraków
342781;Na barciach;Kraków-śródmieście;Kraków
100628;Piasek;Kraków-śródmieście;Kraków
96066;Prądnik czerwony;Kraków-śródmieście;Kraków
86616;Stare miasto;Kraków-śródmieście;Kraków
383301;Wielopole;Kraków-śródmieście;Kraków
356710;Zenona klemensiewicza;Kraków-śródmieście;Kraków
39821;Tarnawce;Tarnawce;Krasiczyn
16370;Strażów;Strażów;Krasne
2016;Krasnopol;Brak;Krasnopol
19914;Perzanki-borek;Perzanki-borek;Krasnosielc
17837;Piachy;Piachy;Krasocin
20431;Seperacja;Seperacja;Krasocin
20242;Wola świdzińska;Wola świdzińska;Krasocin
3868;Głuszyna;Głuszyna;Kraszewice
62819;Dębki;Dębki;Krokowa
10800;Kłanino;Kłanino;Krokowa
3565;Krosno odrzańskie;Brak;Krosno odrzańskie
265740;Piastów;Ul. Piastów;Krosno odrzańskie
1087;Krościenko nad dunajcem;Brak;Krościenko nad dunajcem
22388;Wolanka;Wolanka;Krośnice
25867;Jankowice;Jankowice;Krośniewice
10000;Szubsk duży;Szubsk duży;Krośniewice
744;Krupski młyn;Brak;Krupski młyn
43602;Ziętek;Ziętek;Krupski młyn
92640;Sławsk górny;Sławsk górny;Kruszwica
437086;Spacerowa;Ul. Spacerowa;Krynica morska
5095;Krynica-zdrój;Brak;Krynica-zdrój
18915;Buczniki;Buczniki;Krynica-zdrój
2007;Krypno;Brak;Krypno
2000;Krzeszowice;Brak;Krzeszowice
20584;Krzeszowice;Brak;Krzeszowice
295019;Trzebińska;Ul. Trzebińska;Krzeszowice
372138;Lipowa;Wola filipowska;Krzeszowice
14795;Hiszpania;Hiszpania;Krzymów
2003;Krzyż wielkopolski;Brak;Krzyż wielkopolski
14764;Gołąbki;Gołąbki;Krzęcin
31414;Książki;Książki;Książki
20641;Szczytniki nad kaczawą;Szczytniki nad kaczawą;Kunice
29491;Kutno;Brak;Kutno
526335;Kasztanowa;Ul. Kasztanowa;Kutno
8619;Kuślin;Kuślin;Kuślin
22021;Jankowice;Jankowice;Kuźnia raciborska
7693;Baldram;Baldram;Kwidzyn
1932;Kórnik;Brak;Kórnik
14557;Szczytniki;Szczytniki;Kórnik
44452;Kępice;Brak;Kępice
438166;Jaśminowa;Ul. Jaśminowa;Kępno
12272;Ludwichowo;Ludwichowo;Kęsowo
269178;Rzepakowa;Piastoszyn;Kęsowo
17394;Cegielnia;Cegielnia;Kętrzyn
44398;Kruszewiec;Kruszewiec;Kętrzyn
84250;Czajki;Czajki;Kęty
50023;Działyń;Działyń;Kłecko
12920;Gózd;Gózd;Kłoczew
76;Kłodzki;Brak;Kłodzki
59744;Bystrzyca kłodzka;Bystrzyca kłodzka;Kłodzki
16491;Szklarka;Bystrzyca kłodzka;Kłodzki
21300;Wilkanów;Bystrzyca kłodzka;Kłodzki
17354;Ruszowice;Kłodzko;Kłodzki
5431;Stary wielisław;Kłodzko;Kłodzki
1224;Międzylesie;Międzylesie;Kłodzki
2018;Laskowa;Brak;Laskowa
26988;Legionowo;Brak;Legionowo
390;Legnica;Brak;Legnica
472726;Bieniowicka;Ul. Bieniowicka;Legnica
435000;Słoneczna;Ul. Słoneczna;Legnica
15379;Pustkowie;Pustkowie;Lelów
334260;Fredry;Ul. Fredry;Lesko
25087;Łączki;Łączki;Lesko
350;Leszno;Brak;Leszno
491468;Pl. jana metziga;Centrum;Leszno
410109;Zwycięstwa;Ul. Zwycięstwa;Leszno
47848;Lesznowola;Lesznowola;Lesznowola
23972;Worgule;Worgule;Leśna podlaska
3530;Kumów majoracki;Kumów majoracki;Leśniowice
14569;Lichnowy;Lichnowy;Lichnowy
12096;Bryńsk szlachecki;Bryńsk szlachecki;Lidzbark
13509;Jamielnik;Jamielnik;Lidzbark
14199;Będzin;Będzin;Lipiany
26730;Cisowa;Cisowa;Lipinki łużyckie
1987;Lipka;Brak;Lipka
15202;Boża pomoc;Boża pomoc;Lipno
24550;Lipno;Brak;Lipno
22210;Borowo;Borowo;Lipsko
24438;Rokitów;Rokitów;Lipsko
41869;Piekary;Piekary;Liszki
13133;Cetynia hołodowska;Cetynia hołodowska;Lubaczów
13242;Kolonia ustrońska;Kolonia ustrońska;Lubanie
19420;Prątnica;Prątnica;Lubawa
19838;Paczyn;Paczyn;Lubawka
17054;Rogowo;Rogowo;Lubicz
5925;Klonowo;Klonowo;Lubiewo
10538;Świerna;Świerna;Lubień kujawski
11937;Krzeczyn wielki;Krzeczyn wielki;Lubin
362;Lublin;Brak;Lublin
472728;Tomasza zana;Konstantynów;Lublin
279000;Wojciechowska;Konstantynów;Lublin
264280;Bukowa;Kośminek;Lublin
543454;Północna;Lemszczyzna;Lublin
100067;Sławin;Sławin;Lublin
343057;Cypriana godebskiego;Ul. Cypriana godebskiego;Lublin
513735;Józefa sowińskiego;Wieniawa;Lublin
545314;Weteranów;Wieniawa;Lublin
92304;Wieniawa;Wieniawa;Lublin
88757;Śródmieście;Śródmieście;Lublin
12644;Zofiówka;Zofiówka;Lubniewice
19216;Henryków;Henryków;Lubochnia
15211;Wronka;Wronka;Lubowidz
35286;Luboń;Brak;Luboń
490597;Aleja jana pawła ii;Lasek;Luboń
13246;Smolarnik;Smolarnik;Lubsza
15494;Brody;Brody;Lwówek
25084;Skorzynice;Skorzynice;Lwówek śląski
2337;Lyski;Brak;Lyski
469000;Łukowska;Lyski;Lyski
37659;Topolin;Topolin;Maciejowice
389000;Polna;Malanów;Malanów
15388;Malbork;Brak;Malbork
12222;Kawno;Kawno;Malechowo
19253;Sulechówko;Sulechówko;Malechowo
9714;Kopanino;Kopanino;Manowo
39349;Marki;Brak;Marki
518911;Duża;Ul. Duża;Marki
10693;Bartodzieje;Bartodzieje;Masłowice
22659;Okaliniec;Okaliniec;Miasteczko krajeńskie
14695;Węgorzynko;Węgorzynko;Miastko
13390;Cisówka;Cisówka;Michałowo
17368;Julianka;Julianka;Michałowo
5948;Dębówka;Dębówka;Michałów
25500;Rozpierzchów;Rozpierzchów;Miechów
18209;Trzciel-odbudowa;Trzciel-odbudowa;Miedzichowo
409090;Polna;Miedźno;Miedźno
822;Miejsce piastowe;Brak;Miejsce piastowe
10139;Wola chorzelowska;Wola chorzelowska;Mielec
502788;6 marca;Ul. 6 marca;Mielno
2706;Mikołajki;Brak;Mikołajki
58540;Mikołajki;Brak;Mikołajki
23912;Milówki;Milówki;Milówka
1964;Mirosławiec;Brak;Mirosławiec
7354;Przecznica;Przecznica;Mirsk
5239;Leśniczówka tychów;Leśniczówka tychów;Mirzec
46004;Trębowiec mały;Trębowiec mały;Mirzec
7978;Ministrówka;Ministrówka;Miączyn
9293;Białokoszyce;Chrzypsko wielkie;Międzychodzki
55977;Strzyżmin;Chrzypsko wielkie;Międzychodzki
52334;Papiernia;Międzychód;Międzychodzki
11773;Zielona chojna;Międzychód;Międzychodzki
4402;Międzyrzecz;Brak;Międzyrzecz
24063;Nietoperek;Nietoperek;Międzyrzecz
539680;Osiedle kasztelańskie;Osiedle kasztelańskie;Międzyrzecz
28440;Międzyzdroje;Brak;Międzyzdroje
12960;Grodno;Grodno;Międzyzdroje
382548;Bohaterów warszawy;Ul. Bohaterów warszawy;Międzyzdroje
25352;Wapnica;Wapnica;Międzyzdroje
50831;Paprotki;Paprotki;Miłki
2723;Miłoradz;Brak;Miłoradz
30211;Stok;Stok;Mniszków
42904;Zglenice małe;Zglenice małe;Mochowo
2014;Mogielnica;Brak;Mogielnica
31198;Marysin;Marysin;Mogielnica
1971;Mogilany;Brak;Mogilany
50950;Libertów;Libertów;Mogilany
52093;Mogilany;Mogilany;Mogilany
11596;Brzeziny;Brzeziny;Mokrsko
22902;Chotów;Chotów;Mokrsko
2004;Morawica;Brak;Morawica
20498;Stara wieś;Stara wieś;Mordy
18565;Bielin;Bielin;Moryń
6260;Borkowo;Borkowo;Morzeszczyn
17824;Jarosty;Jarosty;Moszczenica
12477;Pieńki sierosławskie;Pieńki sierosławskie;Moszczenica
325884;Aleja wojska polskiego;Ul. Aleja wojska polskiego;Mońki
29549;Szestno;Szestno;Mrągowo
2015;Mszana;Brak;Mszana
8574;Do kuca;Do kuca;Mszana dolna
12540;Kotówka;Kotówka;Mszana dolna
34886;Murowana goślina;Brak;Murowana goślina
15602;Łopata polska;Łopata polska;Muszyna
17301;Grabowa;Grabowa;Mykanów
473000;Reymonta;Ul. Reymonta;Myszków
43481;Myślenice;Brak;Myślenice
18347;Łęki;Łęki;Myślenice
29138;Strzemieczne-hieronimy;Strzemieczne-hieronimy;Młynarze
9474;Wieszki;Wieszki;Nakło nad notecią
4831;Smarchowice wielkie;Smarchowice wielkie;Namysłów
37278;Winniki;Winniki;Namysłów
3826;Łączany;Łączany;Namysłów
20478;Cimochy;Cimochy;Narew
11074;Radźki;Radźki;Narew
20591;Pręty;Pręty;Narewka
5015;Piła;Piła;Narol
46425;Podlesina;Podlesina;Narol
26047;Jackowo włościańskie;Jackowo włościańskie;Nasielsk
32346;Nowiny;Nowiny;Nasielsk
15145;Pianowo-folwark;Pianowo-folwark;Nasielsk
19695;Psucin;Psucin;Nasielsk
10257;Dzierzgów;Dzierzgów;Nieborów
13808;Niechlów;Niechlów;Niechlów
12489;Antolka;Antolka;Niegowa
2022;Niemce;Brak;Niemce
29624;Niepołomice;Brak;Niepołomice
55170;Nowa dęba;Brak;Nowa dęba
2002;Nowa karczma;Brak;Nowa karczma
53688;Nowa sarzyna;Brak;Nowa sarzyna
37277;Hucisko;Hucisko;Nowa słupia
457;Nowa wieś lęborska;Brak;Nowa wieś lęborska
1218;Nowe miasto nad pilicą;Brak;Nowe miasto nad pilicą
9253;Waliska;Waliska;Nowe miasto nad pilicą
12280;Nowa wieś;Nowa wieś;Nowe ostrowy
12733;Stokowisko;Stokowisko;Nowe piekuty
1638;Nowiny;Brak;Nowiny
11926;Grabowce górne;Grabowce górne;Nowodwór
11497;Wierzchy;Wierzchy;Nowogard
8360;Rokitno;Rokitno;Nowogródek pomorski
28081;Dubaśno;Dubaśno;Nowy dwór
7827;Nowy dwór gdański;Brak;Nowy dwór gdański
3489;Kępiny małe;Kępiny małe;Nowy dwór gdański
303675;Gen. władysława sikorskiego;Ul. Gen. władysława sikorskiego;Nowy dwór gdański
54915;Nowy dwór mazowiecki;Brak;Nowy dwór mazowiecki
1742;Nowy korczyn;Brak;Nowy korczyn
8435;Górnowola;Górnowola;Nowy korczyn
16900;Stary korczyn;Stary korczyn;Nowy korczyn
9572;Zamoście;Zamoście;Nowy korczyn
7416;Trępnowy;Trępnowy;Nowy staw
394;Nowy sącz;Brak;Nowy sącz
517806;1 pułku strzelców podhalańskich;Grodzkie;Nowy sącz
364000;Stanisława witkacego;Ul. Stanisława witkacego;Nowy sącz
4180;Mała lipka;Mała lipka;Nowy tomyśl
1977;Nurzec-stacja;Brak;Nurzec-stacja
8171;Kotowice;Kotowice;Oborniki śląskie
30816;Zawały;Zawały;Obrowo
9243;Wola obszańska;Wola obszańska;Obsza
7335;Wysokin;Wysokin;Odrzywół
95561;Górki;Górki;Oksa
39088;Olecko;Brak;Olecko
55780;Kucoby;Kucoby;Olesno
32905;Kuźnica borecka;Kuźnica borecka;Olesno
6344;Ligęzów;Ligęzów;Olesno
16795;Oleśnica;Brak;Oleśnica
25632;Smolna;Smolna;Oleśnica
22940;Spalice;Spalice;Oleśnica
313518;Mikołaja reja;Ul. Mikołaja reja;Oleśnica
24687;Wszechświęte;Wszechświęte;Oleśnica
31441;Olkusz;Brak;Olkusz
13729;Czarny las;Czarny las;Olkusz
15014;Białobrzeg bliższy;Białobrzeg bliższy;Olszewo-borki
9009;Chojniki;Chojniki;Olszewo-borki
302008;Łubinowa;Kruki;Olszewo-borki
385;Olsztyn;Brak;Olsztyn
27489;Olsztyn;Brak;Olsztyn
425000;Dąbrowszczaków;Centrum;Olsztyn
280313;Marii dąbrowskiej;Pieczewo;Olsztyn
366950;Marii zientary-malewskiej;Ul. Marii zientary-malewskiej;Olsztyn
485787;Pana tadeusza;Ul. Pana tadeusza;Olsztyn
57382;Olsztynek;Brak;Olsztynek
8026;Waszeta;Waszeta;Olsztynek
780;Opinogóra górna;Brak;Opinogóra górna
335;Opole;Brak;Opole
105600;Centrum;Centrum;Opole
316786;Oleska;Gosławice;Opole
93992;Kolonia gosławicka;Kolonia gosławicka;Opole
100488;Zaodrze;Zaodrze;Opole
499382;Tadeusza kościuszki;Śródmieście;Opole
18200;Puszno godowskie;Puszno godowskie;Opole lubelskie
5151;Grotowice;Grotowice;Oporów
59052;Stanisławów;Stanisławów;Oporów
3851;Głucha puszcza;Głucha puszcza;Orchowo
16579;Orla;Orla;Orla
12809;Wałsnów;Wałsnów;Orońsko
21071;Bukowa;Bukowa;Osiek
4232;Długołęka;Długołęka;Osiek
14779;Nowa wieś;Nowa wieś;Osiek mały
7029;Plebanki;Plebanki;Osiek mały
1999;Osielsko;Brak;Osielsko
4933;Niemcz;Niemcz;Osielsko
21647;Osięciny-wieś;Osięciny-wieś;Osięciny
42743;Ostrowiec świętokrzyski;Brak;Ostrowiec świętokrzyski
73588;Stawki;Stawki;Ostrowiec świętokrzyski
423015;Stanisława moniuszki;Ul. Stanisława moniuszki;Ostrowiec świętokrzyski
431820;Śliska;Ul. Śliska;Ostrowiec świętokrzyski
332;Ostrołęka;Brak;Ostrołęka
328507;"Gen. augusta emila fieldorfa \nila""";"Ul. Gen. augusta emila fieldorfa \nila""";Ostrołęka
483107;"Ppłk. łukasza cieplińskiego \pługa""";"Ul. Ppłk. łukasza cieplińskiego \pługa""";Ostrołęka
93600;Gostynka;Gostynka;Ostrzeszów
193;Ostródzki;Brak;Ostródzki
10895;Grunwald;Grunwald;Ostródzki
8157;Leśnica;Małdyty;Ostródzki
648;Miłomłyn;Miłomłyn;Ostródzki
56928;Ruś;Morąg;Ostródzki
19154;Ostróda;Ostróda;Ostródzki
332606;Turystyczna;Ostróda;Ostródzki
12845;Żuławki;Ostróda;Ostródzki
1753;Ostrów mazowiecka;Brak;Ostrów mazowiecka
17366;Kuskowizna;Kuskowizna;Ostrów mazowiecka
6959;Ostrów wielkopolski;Brak;Ostrów wielkopolski
319560;Igora newerlego;Ul. Igora newerlego;Ostrów wielkopolski
397857;Zębcowska;Ul. Zębcowska;Ostrów wielkopolski
510340;Grunwaldzka;Wenecja;Ostrów wielkopolski
24398;Dębiec;Dębiec;Ostrówek
1981;Otmuchów;Brak;Otmuchów
7619;Kijów;Kijów;Otmuchów
11617;Otwock;Brak;Otwock
17166;Modrzyca;Modrzyca;Otyń
12782;Janików;Janików;Oława
20438;Radachów;Radachów;Ośno lubuskie
13097;Oświęcim;Brak;Oświęcim
17439;Chropań;Chropań;Oświęcim
301069;Fryderyka chopina;Ul. Fryderyka chopina;Oświęcim
11467;Grochocice-kolonia;Grochocice-kolonia;Ożarów
13000;Szczury;Szczury;Ożarów
539000;Promienna;Ul. Promienna;Pabianice
439902;Stanisława wyspiańskiego;Ul. Stanisława wyspiańskiego;Pabianice
16374;Domacyny;Domacyny;Padew narodowa
21068;Pierzchne;Pierzchne;Padew narodowa
400686;Boczna;Prusinowice;Pakosławice
14673;Kamienica;Kamienica;Paszowice
39855;Osiębórz;Osiębórz;Paszowice
9621;Nowy cieszyn;Nowy cieszyn;Pasłęk
29487;Pawłowice;Pawłowice;Pawłowice
19108;Pawłowiczki;Pawłowiczki;Pawłowiczki
6102;Lignowy szlacheckie;Lignowy szlacheckie;Pelplin
32846;Osnówka;Osnówka;Perlejewo
12674;Twarogi lackie;Twarogi lackie;Perlejewo
13285;Domasłów;Domasłów;Perzów
379000;Werbeny;Bogatki;Piaseczno
51330;Piaseczno;Brak;Piaseczno
358550;Jana pawła ii;Centrum;Piaseczno
9200;Bystrzejowice trzecie;Bystrzejowice trzecie;Piaski
18316;Kębłów;Kębłów;Piaski
8193;Podrzecze;Podrzecze;Piaski
15946;Talary;Talary;Piaski
8153;Taniecznica;Taniecznica;Piaski
31411;Krutyński piecek;Krutyński piecek;Piecki
4649;Łętowo;Łętowo;Piecki
25458;Kamionki;Kamionki;Piekoszów
18469;Pieniężno;Brak;Pieniężno
605;Pierzchnica;Brak;Pierzchnica
52752;Pietrowice wielkie;Pietrowice wielkie;Pietrowice wielkie
448;Pieńsk;Brak;Pieńsk
396011;Powstańców;Stanica;Pilchowice
7500;Szyce;Szyce;Pilica
2011;Pilzno;Brak;Pilzno
25000;Jedlnia;Jedlnia;Pionki
18695;Sokoły;Sokoły;Pionki
36630;Piotrków kujawski;Brak;Piotrków kujawski
411270;Dworcowa;Ul. Dworcowa;Piotrków kujawski
11556;Łabędzin;Łabędzin;Piotrków kujawski
38558;Maldanin;Maldanin;Pisz
9482;Nowy cydzyn;Nowy cydzyn;Piątnica
24662;Piła;Brak;Piła
482066;Staromiejska;Śródmieście;Piła
38633;Pińczów;Brak;Pińczów
3835;Krzywda;Krzywda;Pińczów
26141;Wola zagojska dolna;Wola zagojska dolna;Pińczów
427977;Staromiejski;Brak;Pl. Staromiejski
42076;Chłopków;Chłopków;Platerów
10632;Czuchów;Czuchów;Platerów
40920;Górki;Górki;Platerów
10967;Zaborze;Zaborze;Platerów
2709;Pniewy;Brak;Pniewy
52880;Stefanowo;Stefanowo;Pniewy
10769;Tomaszówka;Tomaszówka;Pniewy
11941;Kołatka;Kołatka;Pobiedziska
17938;Mazury;Mazury;Poczesna
7134;Antonina;Antonina;Poddębice
1915;Polanka wielka;Brak;Polanka wielka
9357;Łysówka;Łysówka;Polanka wielka
424908;Przyjaźni;Ul. Przyjaźni;Police
6732;Biały ług;Biały ług;Policzna
1973;Poniec;Brak;Poniec
18273;Rdzuchów;Rdzuchów;Potworów
3000;Potęgowo;Brak;Potęgowo
33188;Potęgowo;Potęgowo;Potęgowo
8387;Nowy harsz;Nowy harsz;Pozezdrze
13963;Pieczarki;Pieczarki;Pozezdrze
370;Poznań;Brak;Poznań
71426;Grunwald;Poznań-grunwald;Poznań
464979;Jawornicka;Poznań-grunwald;Poznań
499000;Jesienna;Poznań-grunwald;Poznań
64652;Junikowo;Poznań-grunwald;Poznań
428555;Mikołaja kopernika;Poznań-grunwald;Poznań
394477;Międzyborska;Poznań-grunwald;Poznań
362305;Piotra ściegiennego;Poznań-grunwald;Poznań
401393;Rembertowska;Poznań-grunwald;Poznań
486344;Świerzawska;Poznań-grunwald;Poznań
380685;Jasielska;Poznań-jeżyce;Poznań
76294;Jeżyce;Poznań-jeżyce;Poznań
317205;Jeżycka;Poznań-jeżyce;Poznań
354873;Kościelna;Poznań-jeżyce;Poznań
88034;Ogrody;Poznań-jeżyce;Poznań
86327;Podolany;Poznań-jeżyce;Poznań
273587;Wojska polskiego;Poznań-jeżyce;Poznań
91462;Główna;Poznań-nowe miasto;Poznań
345908;Jagiellońskie;Poznań-nowe miasto;Poznań
344135;Lecha;Poznań-nowe miasto;Poznań
311420;Lwa;Poznań-nowe miasto;Poznań
304781;Piastowskie;Poznań-nowe miasto;Poznań
98527;Piotrowo;Poznań-nowe miasto;Poznań
68566;Rataje;Poznań-nowe miasto;Poznań
292581;Wagrowska;Poznań-nowe miasto;Poznań
69877;Zawady;Poznań-nowe miasto;Poznań
66434;Śródka;Poznań-nowe miasto;Poznań
513981;Bielicowa;Poznań-stare miasto;Poznań
81795;Naramowice;Poznań-stare miasto;Poznań
342778;Pod lipami;Poznań-stare miasto;Poznań
403586;Sielawy;Poznań-stare miasto;Poznań
75768;Stare miasto;Poznań-stare miasto;Poznań
536157;Teofila mateckiego;Poznań-stare miasto;Poznań
71358;Winogrady;Poznań-stare miasto;Poznań
282625;Władysława jagiełły;Poznań-stare miasto;Poznań
83498;Wilda;Poznań-wilda;Poznań
19834;Maśnik;Maśnik;Połaniec
41595;Kłokowo;Kłokowo;Połczyn-zdrój
11969;Stare resko;Stare resko;Połczyn-zdrój
15390;Nowy cygów;Nowy cygów;Poświętne
5635;Pietkowo;Pietkowo;Poświętne
48109;Kozieł;Kozieł;Praszka
24532;Rosochy;Rosochy;Praszka
52521;Piekary;Piekary;Proszowice
38923;Pększyn;Pększyn;Prusice
452193;Bajki;Rotmanka;Pruszcz gdański
5525;Rotmanka;Rotmanka;Pruszcz gdański
395407;Plutona;Straszyn;Pruszcz gdański
398876;Starogardzka;Straszyn;Pruszcz gdański
24348;Pruszków;Brak;Pruszków
418445;Bolesława prusa;Ul. Bolesława prusa;Pruszków
446733;Ludwika waryńskiego;Ul. Ludwika waryńskiego;Pruszków
333284;Michała drzymały;Ul. Michała drzymały;Pruszków
5345;Nowa brda;Nowa brda;Przechlewo
2021;Przemyśl;Brak;Przemyśl
32981;Górsko;Górsko;Przemęt
9316;Mielno;Mielno;Przewóz
26213;Szarłata;Szarłata;Przodkowo
15524;Janków przygodzki;Janków przygodzki;Przygodzice
29006;Przytoczna;Przytoczna;Przytoczna
7400;Rudzina;Rudzina;Przywidz
312000;Orla;Pszczew;Pszczew
4844;Celbowo;Celbowo;Puck
388990;Polna;Ul. Polna;Puck
17149;Przykopiec;Przykopiec;Purda
13412;Leokadiów;Leokadiów;Puławy
55028;Piskorów;Piskorów;Puławy
44225;Pułtusk;Brak;Pułtusk
23332;Widugiery;Widugiery;Puńsk
16111;Brodnia-kolonia;Brodnia-kolonia;Pęczniew
12024;Jazy;Jazy;Płaska
338;Płock;Brak;Płock
265189;Monte cassino;Ul. Monte cassino;Płock
42378;Płoniawy-bramura;Płoniawy-bramura;Płoniawy-bramura
15203;Płoniawy-kolonia;Płoniawy-kolonia;Płoniawy-bramura
15340;Płoty;Brak;Płoty
8278;Pruszyn;Pruszyn;Płońsk
299026;Czeremchy;Ul. Czeremchy;Płońsk
448284;Magnolii;Ul. Magnolii;Płońsk
40751;Racibórz;Brak;Racibórz
457567;Kazimierza malczewskiego;Ul. Kazimierza malczewskiego;Racibórz
19886;Krajkowo;Krajkowo;Raciąż
8206;Kraszewo-sławęcin;Kraszewo-sławęcin;Raciąż
2219;Racławice;Brak;Racławice
382;Radom;Brak;Radom
421842;Ignacego paderewskiego;Gołębiów II;Radom
526519;Gajowa;Młodzianów;Radom
94412;Młodzianów;Młodzianów;Radom
333524;Jurija gagarina;Ustronie;Radom
318677;Nowogrodzka;Śródmieście;Radom
13467;Dąbrówka pniowska;Dąbrówka pniowska;Radomyśl nad sanem
4820;Orle;Orle;Radowo małe
11996;Woźniki-paklewy;Woźniki-paklewy;Radzanowo
4158;Grotki;Grotki;Radzanów
44944;Kadłubska wola;Kadłubska wola;Radzanów
495000;Brzegowa;Wieprz;Radziechowy-wieprz
8124;Zakrzewo;Zakrzewo;Radziłów
25130;Radłów;Radłów;Radłów
45207;Wytoka;Wytoka;Radłów
7380;Budy;Budy;Rajgród
36184;Rakoniewice;Brak;Rakoniewice
17618;Mędrów;Mędrów;Raków
40800;Jaworowa;Jaworowa;Raszyn
25782;Reda;Brak;Reda
459980;Morska;Ul. Morska;Reda
411168;Spokojna;Ul. Spokojna;Reda
17492;Nikodemówka;Nikodemówka;Rejowiec fabryczny
15672;Naćmierz;Naćmierz;Resko
16451;Międzylesie;Międzylesie;Rogoźno
329642;Seminarialna;Ul. Seminarialna;Rogoźno
8170;Jarki;Jarki;Rojewo
10288;Kobylniki;Kobylniki;Rokietnica
7800;Dzięciary;Dzięciary;Rozprza
7703;Gieski;Gieski;Rozprza
20568;Łazy-dąbrówka;Łazy-dąbrówka;Rozprza
13563;Kuski;Kuski;Rościszewo
6415;Rzeszotary-stara wieś;Rzeszotary-stara wieś;Rościszewo
8056;Jeleń;Jeleń;Ruciane-nida
34962;Osiniak-piotrowo;Osiniak-piotrowo;Ruciane-nida
69387;Bielszowice;Bielszowice;Ruda śląska
498119;Ks. józefa niedzieli;Bielszowice;Ruda śląska
391;Ruda śląska;Brak;Ruda śląska
262660;Owocowa;Godula;Ruda śląska
104525;Halemba;Halemba;Ruda śląska
17165;Borowina;Borowina;Rudnik nad sanem
1835;Rudnik nad sanem;Brak;Rudnik nad sanem
24723;Tyniec legnicki;Tyniec legnicki;Ruja
525388;Apolinarego formeli;Biała rzeka;Rumia
38601;Rumia;Brak;Rumia
290693;Błoń janowskich;Janowo;Rumia
3639;Poszeszupie;Poszeszupie;Rutka-tartak
359;Rybnik;Brak;Rybnik
71669;Ligota;Ligota;Rybnik
1996;Rychwał;Brak;Rychwał
48738;Jaroszewice grodzieckie;Jaroszewice grodzieckie;Rychwał
44317;Lubiny;Lubiny;Rychwał
20015;Rydułtowy;Brak;Rydułtowy
1014;Rydzyna;Brak;Rydzyna
7253;Ławki;Ławki;Ryn
1729;Rytro;Brak;Rytro
6719;Ryńsk;Ryńsk;Ryńsk
45766;Kowale;Kowale;Rzeczenica
361;Rzeszów;Brak;Rzeszów
293583;Mjr. wacława kopisto;Nowe miasto;Rzeszów
393575;Nowosądecka;Ul. Nowosądecka;Rzeszów
297748;Rymanowska;Zwięczyca;Rzeszów
480608;Marii skłodowskiej-curie;Śródmieście;Rzeszów
9296;Mądroszki;Mądroszki;Rzgów
24840;Wólka-folwark;Wólka-folwark;Rząśnik
1998;Różan;Brak;Różan
24906;Modrzewiec;Modrzewiec;Rąbino
19532;Polakowo;Polakowo;Rąbino
29466;Będzyn;Będzyn;Ręczno
1796;Rędziny;Brak;Rędziny
20649;Poświątne;Poświątne;Sabnie
13296;Tchórznica włościańska;Tchórznica włościańska;Sabnie
13379;Bnin;Bnin;Sadki
9003;Trębaczew;Trębaczew;Sadkowice
26469;Jacentów;Jacentów;Sadowie
6582;Ostrołęka;Ostrołęka;Samborzec
4456;Bykowce;Bykowce;Sanok
316539;Romualda traugutta;Ul. Romualda traugutta;Serock
46370;Zegrze;Zegrze;Serock
10249;Jałówka-kolonia;Jałówka-kolonia;Sidra
374354;Zielona;Ul. Zielona;Siechnice
336;Siedlce;Brak;Siedlce
14151;Ostrówek;Ostrówek;Siedlce
64757;Bańgów;Bańgów;Siemianowice śląskie
380;Siemianowice śląskie;Brak;Siemianowice śląskie
415942;Komuny paryskiej;Centrum;Siemianowice śląskie
340773;Pocztowa;Michałkowice;Siemianowice śląskie
287568;Witolda budryka;Michałkowice;Siemianowice śląskie
3839;Czartajew;Czartajew;Siemiatycze
376872;Sosnowa;Ul. Sosnowa;Siemiatycze
21145;Zaborze krzeczanowskie;Zaborze krzeczanowskie;Siemiątkowo
2020;Siemkowice;Brak;Siemkowice
19186;Aleksandrów;Aleksandrów;Sienno
16318;Ludwików;Ludwików;Sienno
27790;Próba;Brzeźnio;Sieradzki
24797;Szczesie;Brąszewice;Sieradzki
14732;Kopanina;Burzenin;Sieradzki
45557;Strumiany;Burzenin;Sieradzki
500;Błaszki;Błaszki;Sieradzki
12229;Klonówek;Warta;Sieradzki
6220;Upuszczew;Warta;Sieradzki
22073;Czarna;Złoczew;Sieradzki
4896;Szklana huta;Złoczew;Sieradzki
14372;Bukowo;Bukowo;Sierakowice
18168;Gorzewo;Gorzewo;Sierpc
459000;Wodna;Ul. Wodna;Siewierz
6869;Bolowiec;Bolowiec;Skalbmierz
1679;Skaryszew;Brak;Skaryszew
19480;Dzierzkówek stary;Dzierzkówek stary;Skaryszew
54643;Skawina;Brak;Skawina
25829;Sobiesęki;Sobiesęki;Skała
21282;Zamłynie;Zamłynie;Skała
341;Skierniewice;Brak;Skierniewice
46784;Sierakowice prawe;Sierakowice prawe;Skierniewice
15573;Żelazna;Żelazna;Skierniewice
15000;Pierściec;Pierściec;Skoczów
1991;Skoki;Brak;Skoki
340000;Dojazd;Ul. Dojazd;Skoki
10003;Harklowa;Harklowa;Skołyszyn
20145;Niemcowizna okalewska;Niemcowizna okalewska;Skrwilno
11555;Kawęczyn;Kawęczyn;Smyków
2006;Sobótka;Brak;Sobótka
21099;Przezdrowice;Przezdrowice;Sobótka
5090;Sulistrowiczki;Sulistrowiczki;Sobótka
393711;Aleja 600-lecia;Aleja 600-lecia;Sochaczew
10628;Sochaczew;Brak;Sochaczew
2026;Sochocin;Brak;Sochocin
17088;Wierzbówiec;Wierzbówiec;Sochocin
24557;Perki-karpie;Perki-karpie;Sokoły
1051;Sokołów małopolski;Brak;Sokołów małopolski
1903;Sokołów podlaski;Brak;Sokołów podlaski
5544;Kundzin kościelny;Kundzin kościelny;Sokółka
52072;Kuryły;Kuryły;Sokółka
36341;Stodolne;Stodolne;Sokółka
40869;Solec kujawski;Brak;Solec kujawski
7609;Wyczechowo;Wyczechowo;Somonino
41644;Koszary;Koszary;Sompolno
17342;Płoszewo;Płoszewo;Sompolno
354;Sopot;Brak;Sopot
320775;Aleja niepodległości;Centrum;Sopot
335884;Karlikowska;Dolny;Sopot
538748;Stefana okrzei;Wyścigi;Sopot
333154;Władysława łokietka;Wyścigi;Sopot
6215;Warpuny;Warpuny;Sorkwity
464772;Wagowa;Kazimierz;Sosnowiec
362930;Klimontowska;Sielec;Sosnowiec
76855;Sielec;Sielec;Sosnowiec
349108;Teofila lenartowicza;Zagórze;Sosnowiec
600;Sośno;Brak;Sośno
7506;Przepałkowo;Przepałkowo;Sośno
41580;Kaniów;Kaniów;Spytkowice
22588;Bajory wielkie;Bajory wielkie;Srokowo
10500;Kruszczewo;Kruszczewo;Stara biała
31591;Starachowice;Brak;Starachowice
2498;Stare juchy;Brak;Stare juchy
16512;Sądów;Dolice;Stargardzki
525808;Czesława niemena;Stargard;Stargardzki
390202;Hetmana stefana czarnieckiego;Stargard;Stargardzki
56004;Stargard;Stargard;Stargardzki
24824;Kaliska;Lubichowo;Starogardzki
19870;Zdrójno;Osieczna;Starogardzki
28972;Kamierowskie piece;Skarszewy;Starogardzki
891;Skarszewy;Skarszewy;Starogardzki
15225;Frąca;Smętowo graniczne;Starogardzki
342580;Grunwaldzka;Starogard gdański;Starogardzki
358644;Osiedlowa;Starogard gdański;Starogardzki
53928;Starogard gdański;Starogard gdański;Starogardzki
18419;Rybaki;Rybaki;Stawiguda
9282;Poryte małe;Poryte małe;Stawiski
52845;Popowo;Popowo;Stegna
6744;Jamielnik-kolonia;Jamielnik-kolonia;Stoczek łukowski
12261;Ruda;Ruda;Stoczek łukowski
18591;Piaski;Piaski;Strachówka
21381;Swędów;Swędów;Stryków
30260;Polanki;Polanki;Stryszawa
607;Stryszów;Brak;Stryszów
18912;Brudzewo;Brudzewo;Strzałkowo
23160;Olszany;Olszany;Strzegom
31803;Strzelce krajeńskie;Brak;Strzelce krajeńskie
13990;Brzoza;Brzoza;Strzelce krajeńskie
14559;Grodzisko;Grodzisko;Strzelce opolskie
5405;Serwitut;Serwitut;Strzeleczki
11639;Zielina;Zielina;Strzeleczki
5300;Żegotki;Żegotki;Strzelno
25144;Bystrzyca stara;Bystrzyca stara;Strzyżewice
9512;Wielka słońca;Wielka słońca;Subkowy
2025;Suchowola;Brak;Suchowola
450000;Ernesta malinowskiego;Krężoły;Sulechów
15986;Sulejów;Brak;Sulejów
20935;Karolinów;Karolinów;Sulejów
3738;Krupa;Krupa;Sulejów
308278;Brzozowa;Ul. Brzozowa;Sulejówek
1854;Sulęcin;Brak;Sulęcin
2657;Sulęcin;Brak;Sulęcin
23126;Piotrkowo;Piotrkowo;Susz
358;Suwałki;Brak;Suwałki
319900;Szlachetna;Sułoszowa;Sułoszowa
24537;Bogucin;Bogucin;Swarzędz
37001;Strzemieczne-sędki;Strzemieczne-sędki;Sypniewo
21262;Górna wola;Górna wola;Szadek
6928;Lichawa-kolonia;Lichawa-kolonia;Szadek
470598;Idziego sutarskiego;Ul. Idziego sutarskiego;Szamocin
50954;Szamotuły;Brak;Szamotuły
396;Szczecin;Brak;Szczecin
105030;Gumieńce;Gumieńce;Szczecin
493585;Wiosny ludów;Niebuszewo;Szczecin
92045;Podjuchy;Podjuchy;Szczecin
365859;Kornela ujejskiego;Pogodno;Szczecin
98360;Pogodno;Pogodno;Szczecin
93118;Pomorzany;Pomorzany;Szczecin
394210;Adama mickiewicza;Turzyn;Szczecin
526776;Ks. piotra ściegiennego;Turzyn;Szczecin
66356;Turzyn;Turzyn;Szczecin
479000;Pijarska;Ul. Pijarska;Szczecin
491523;Stanisława przybyszewskiego;Ul. Stanisława przybyszewskiego;Szczecin
455484;Tadeusza zawadzkiego;Zachód;Szczecin
278373;Batalionów chłopskich;Zdroje;Szczecin
470801;Celna;Łasztownia;Szczecin
28241;Szczecinek;Brak;Szczecinek
12861;Brodźce;Brodźce;Szczecinek
24786;Orawka;Orawka;Szczecinek
11343;Trzebiechowo;Trzebiechowo;Szczecinek
404973;Białogardzka;Ul. Białogardzka;Szczecinek
287319;Kardynała stefana wyszyńskiego;Ul. Kardynała stefana wyszyńskiego;Szczecinek
474207;Kołobrzeska;Ul. Kołobrzeska;Szczecinek
13750;Wągrodno;Wągrodno;Szczecinek
31835;Łabędź;Łabędź;Szczecinek
54271;Leśniaki chabielskie;Leśniaki chabielskie;Szczerców
7267;Stanisławów pierwszy;Stanisławów pierwszy;Szczerców
15996;Chojnowo;Chojnowo;Szczuczyn
6103;Majewo;Majewo;Szczutowo
88098;Bieniadka;Bieniadka;Szczyrk
33885;Szczyrk;Brak;Szczyrk
45993;Gorzuchy;Gorzuchy;Szczytniki
5131;Szerzyny;Szerzyny;Szerzyny
104990;Szklarska poręba-huta;Szklarska poręba-huta;Szklarska poręba
59710;Siecieborzyce;Siecieborzyce;Szprotawa
7299;Witków;Witków;Szprotawa
4203;Sztutowo;Sztutowo;Sztutowo
8542;Chomętowo;Chomętowo;Szubin
18045;Słonawy;Słonawy;Szubin
23472;Ostrów północny;Ostrów północny;Szudziałowo
12832;Łazy;Łazy;Szydłowiec
7943;Pokrzywnica;Pokrzywnica;Szydłowo
4317;Róża wielka;Róża wielka;Szydłowo
2569;Szydłów;Brak;Szydłów
14834;Stare kozuby;Stare kozuby;Sędziejowice
24628;Budy;Budy;Sędziszów małopolski
32643;Owczary;Owczary;Sękowa
528497;Podgórna;Ul. Podgórna;Sępólno krajeńskie
24494;Tarnów jezierny;Tarnów jezierny;Sława
4427;Mościce dolne;Mościce dolne;Sławatycze
38986;Sławno;Brak;Sławno
16942;Powalice;Powalice;Sławoborze
10870;Julianów;Julianów;Słupia
24678;Podłęcze;Podłęcze;Słupia
13672;Winna góra;Winna góra;Słupia
369;Słupsk;Brak;Słupsk
310870;Bogusława x;Ul. Bogusława x;Słupsk
37114;Gładków;Gładków;Tarczyn
374450;Cienista;Lusówko;Tarnowo podgórne
451029;Owocowa;Tarnowo podgórne;Tarnowo podgórne
53239;Tarnowskie góry;Brak;Tarnowskie góry
395;Tarnów;Brak;Tarnów
437851;Norberta lippóczy'ego;Ul. Norberta lippóczy'ego;Tarnów
263944;Odległa;Ul. Odległa;Tarnów
412116;Powstańców warszawy;Ul. Powstańców warszawy;Tarnów
9100;Potoczek-kolonia;Potoczek-kolonia;Tarłów
39616;Tczew;Brak;Tczew
271992;Anny łajming;Ul. Anny łajming;Tczew
454000;Armii krajowej;Ul. Armii krajowej;Tczew
543876;Piaskowa;Ul. Piaskowa;Tczew
8120;Franusin;Franusin;Telatyn
21905;Teresin;Teresin;Teresin
12001;Górno;Górno;Tomaszów lubelski
10793;Sadłóżek;Sadłóżek;Topólka
74994;Bielany;Bielany;Toruń
375;Toruń;Brak;Toruń
73447;Bydgoskie przedmieście;Bydgoskie przedmieście;Toruń
538656;Jurija gagarina;Bydgoskie przedmieście;Toruń
93243;Chełmińskie przedmieście;Chełmińskie przedmieście;Toruń
430743;Targowa;Jakubskie przedmieście;Toruń
86587;Koniuchy;Koniuchy;Toruń
518523;Sylwestra kaliskiego;Koniuchy;Toruń
333331;Wojska polskiego;Mokre;Toruń
296000;Kardynała stefana wyszyńskiego;Na skarpie;Toruń
76331;Stare miasto;Stare miasto;Toruń
17926;Mieczki-abramy;Mieczki-abramy;Troszyn
15398;Głogowiec;Głogowiec;Tryńcza
20254;Piotrówka;Piotrówka;Trzcinica
26323;Siemionka;Siemionka;Trzcinica
15574;Szarpatki;Szarpatki;Trzcińsko-zdrój
11253;Gosław;Gosław;Trzebiatów
2276;Trzebiechów;Brak;Trzebiechów
52792;Bukowina;Bukowina;Trzebiel
27694;Trzebinia;Brak;Trzebinia
11205;Dulowa;Dulowa;Trzebinia
30293;Młoszowa;Młoszowa;Trzebinia
275643;Młoszowska;Ul. Młoszowska;Trzebinia
20452;Małuszyn;Małuszyn;Trzebnica
19351;Milonki;Milonki;Trzyciąż
23497;Porąbka;Porąbka;Trzyciąż
12800;Rzeczyca ziemiańska;Rzeczyca ziemiańska;Trzydnik duży
24044;Bladowo-wybudowanie;Bladowo-wybudowanie;Tuchola
28986;Borki;Borki;Tuchola
4279;Nadolnik;Nadolnik;Tuchola
2462;Tuczna;Brak;Tuczna
38499;Matiaszówka;Matiaszówka;Tuczna
6681;Bielicha;Bielicha;Tuczępy
7059;Dąbrówka;Dąbrówka;Tuczępy
48419;Zadworna;Zadworna;Tuliszków
379086;Pocztowa;Ul. Pocztowa;Tułowice
357;Tychy;Brak;Tychy
434877;Żorska;Żwaków;Tychy
75197;Żwaków;Żwaków;Tychy
18511;Rakowa;Rakowa;Tyrawa wołoska
3385;Turza wilcza;Turza wilcza;Tłuchowo
23270;Odletajka;Odletajka;Uchanie
11340;Putnowice górne;Putnowice górne;Uchanie
44817;Kręcichłosty;Kręcichłosty;Ujsoły
20010;Jabłonowo;Jabłonowo;Ujście
22790;Unisław;Unisław;Unisław
345000;Sosnowa;Urszulin;Urszulin
12247;Dalimierz przewłocki;Dalimierz przewłocki;Ustka
58701;Ustronie morskie;Ustronie morskie;Ustronie morskie
58509;Ustroń;Brak;Ustroń
11339;Orzechów-kolonia;Orzechów-kolonia;Uścimów
19900;Pod lasem;Pod lasem;Wadowice
17379;Roków;Roków;Wadowice
14319;Borsukowo;Borsukowo;Warlubie
2849;Warlubie;Brak;Warlubie
3249;Bemowo;Bemowo;Warszawa
82650;Chrzanów;Bemowo;Warszawa
324045;Mieczysława wolfkego;Bemowo;Warszawa
531716;Zaborowska;Bemowo;Warszawa
387253;Antoniego pajdaka;Białołęka;Warszawa
3267;Białołęka;Białołęka;Warszawa
102906;Brzeziny;Białołęka;Warszawa
390603;Gioacchino rossiniego;Białołęka;Warszawa
422052;Jana kowalczyka;Białołęka;Warszawa
456007;Marywilska;Białołęka;Warszawa
416577;Mikołaja trąby;Białołęka;Warszawa
102779;Tarchomin;Białołęka;Warszawa
274762;Winorośli;Białołęka;Warszawa
78352;Żerań;Białołęka;Warszawa
354451;Antoniego magiera;Bielany;Warszawa
3266;Bielany;Bielany;Warszawa
82779;Chomiczówka;Bielany;Warszawa
414096;Kwitnąca;Bielany;Warszawa
286587;Loteryjki;Bielany;Warszawa
543632;Marii dąbrowskiej;Bielany;Warszawa
368;Warszawa;Brak;Warszawa
549505;Aleja polski walczącej;Mokotów;Warszawa
347322;Artura malawskiego;Mokotów;Warszawa
310319;Bukowińska;Mokotów;Warszawa
267888;Jana pawła woronicza;Mokotów;Warszawa
75975;Ksawerów;Mokotów;Warszawa
3283;Mokotów;Mokotów;Warszawa
296186;Okrężna;Mokotów;Warszawa
272000;Park gen. gustawa orlicz-dreszera;Mokotów;Warszawa
323118;Podchorążych;Mokotów;Warszawa
394669;Polska;Mokotów;Warszawa
89597;Siekierki;Mokotów;Warszawa
74698;Sielce;Mokotów;Warszawa
91125;Służewiec;Mokotów;Warszawa
354534;Tyniecka;Mokotów;Warszawa
97800;Wierzbno;Mokotów;Warszawa
544393;Karola dickensa;Ochota;Warszawa
404443;Kopińska;Ochota;Warszawa
3262;Ochota;Ochota;Warszawa
274030;Racławicka;Ochota;Warszawa
86400;Szczęśliwice;Ochota;Warszawa
494281;Sąchocka;Ochota;Warszawa
540838;Władysława korotyńskiego;Ochota;Warszawa
516878;Franciszka żymirskiego;Praga-południe;Warszawa
95861;Gocław;Praga-południe;Warszawa
493217;Grochowska;Praga-południe;Warszawa
93207;Grochów;Praga-południe;Warszawa
456202;Igańska;Praga-południe;Warszawa
425949;Opinogórska;Praga-południe;Warszawa
270000;Osowska;Praga-południe;Warszawa
3281;Praga-południe;Praga-południe;Warszawa
459009;Markowska;Praga-północ;Warszawa
3259;Praga-północ;Praga-północ;Warszawa
303847;Radzymińska;Praga-północ;Warszawa
468324;Chełmżyńska;Rembertów;Warszawa
378800;Krasnobrodzka;Targówek;Warszawa
436713;Oliwska;Targówek;Warszawa
261457;Płosa;Targówek;Warszawa
298323;Samarytanka;Targówek;Warszawa
352514;Suwalska;Targówek;Warszawa
3253;Targówek;Targówek;Warszawa
354852;Turmoncka;Targówek;Warszawa
292336;Żuromińska;Targówek;Warszawa
77309;Gołąbki;Ursus;Warszawa
294556;Kazimierza pużaka;Ursus;Warszawa
489450;Konotopska;Ursus;Warszawa
86091;Skorosze;Ursus;Warszawa
3263;Ursus;Ursus;Warszawa
508173;Pawła edmunda strzeleckiego;Ursynów;Warszawa
3284;Ursynów;Ursynów;Warszawa
304848;Wilczy dół;Ursynów;Warszawa
363700;Osadnicza;Wawer;Warszawa
450184;Podbiałowa;Wawer;Warszawa
3269;Wawer;Wawer;Warszawa
520704;Pogodna;Wesoła;Warszawa
87483;Stara miłosna;Wesoła;Warszawa
430505;Adama branickiego;Wilanów;Warszawa
261950;Bruzdowa;Wilanów;Warszawa
411172;Syta;Wilanów;Warszawa
3276;Wilanów;Wilanów;Warszawa
67714;Zawady;Wilanów;Warszawa
428056;Banderii;Wola;Warszawa
76533;Czyste;Wola;Warszawa
269147;Erazma ciołka;Wola;Warszawa
339878;Grenady;Wola;Warszawa
535090;Góralska;Wola;Warszawa
539953;Jana kazimierza;Wola;Warszawa
290527;Kolejowa;Wola;Warszawa
98730;Koło;Wola;Warszawa
540958;Ludwiki;Wola;Warszawa
496645;Marynin;Wola;Warszawa
67400;Mirów;Wola;Warszawa
392116;Miła;Wola;Warszawa
392237;Mordechaja anielewicza;Wola;Warszawa
66284;Młynów;Wola;Warszawa
356178;Obozowa;Wola;Warszawa
308434;Ogrodowa;Wola;Warszawa
355225;Ożarowska;Wola;Warszawa
71314;Ulrychów;Wola;Warszawa
3264;Wola;Wola;Warszawa
522658;Włodzimierza majakowskiego;Wola;Warszawa
90501;Raków;Włochy;Warszawa
86501;Salomea;Włochy;Warszawa
292284;Łopuszańska;Włochy;Warszawa
539640;Bagno;Śródmieście;Warszawa
330272;Chmielna;Śródmieście;Warszawa
419096;Fabryczna;Śródmieście;Warszawa
462980;Jaworzyńska;Śródmieście;Warszawa
420722;Marszałkowska;Śródmieście;Warszawa
101939;Mirów;Śródmieście;Warszawa
333692;Mokotowska;Śródmieście;Warszawa
100689;Muranów;Śródmieście;Warszawa
321922;Próżna;Śródmieście;Warszawa
362546;Smolna;Śródmieście;Warszawa
3285;Śródmieście;Śródmieście;Warszawa
457692;Braci załuskich;Żoliborz;Warszawa
344174;Juliusza słowackiego;Żoliborz;Warszawa
105598;Sady Żoliborskie;Żoliborz;Warszawa
308796;Stanisława wyspiańskiego;Żoliborz;Warszawa
517457;Władysława broniewskiego;Żoliborz;Warszawa
299376;Zygmunta krasińskiego;Żoliborz;Warszawa
3274;Żoliborz;Żoliborz;Warszawa
314023;Fortowa;Stare babice;Warszawski zachodni
343500;Sierż. władysława szymczaka;Łomianki;Warszawski zachodni
12225;Łomianki;Łomianki;Warszawski zachodni
57506;Łomianki dolne;Łomianki;Warszawski zachodni
56219;Sucha;Sucha;Wartkowice
364;Wałbrzych;Brak;Wałbrzych
354989;Marsz. józefa piłsudskiego;Nowe miasto;Wałbrzych
276328;Zofii nałkowskiej;Piaskowa góra;Wałbrzych
493366;Osiedle górnicze;Rusinowa;Wałbrzych
96267;Stary zdrój;Stary zdrój;Wałbrzych
1972;Wałcz;Brak;Wałcz
48185;Wałcz;Brak;Wałcz
21614;Nakielno;Nakielno;Wałcz
536565;Rejtana;Ul. Rejtana;Wejherowo
24289;Kotorów;Kotorów;Werbkowice
369000;Mickiewicza;Werbkowice;Werbkowice
12029;Zawada;Zawada;Wieleń
48725;Wieliczka;Brak;Wieliczka
292500;Jasna;Klasno;Wieliczka
450623;Magnoliowa;Kopalina;Wieliczka
55377;Wilkasy;Wilkasy;Wieliczki
20754;Sieroty;Sieroty;Wielowieś
13935;Wieluń;Brak;Wieluń
17474;Posada;Posada;Wierzbinek
21962;Wandzinowo;Wandzinowo;Wierzbinek
57243;Wierzbno;Wierzbno;Wierzbno
42915;Mierzyce;Mierzyce;Wierzchlas
27015;Sieciechowice;Sieciechowice;Wierzchosławice
2521;Wietrzychowice;Brak;Wietrzychowice
65901;Bułgaria;Bułgaria;Wilkowice
26305;Obroki;Obroki;Wilkołaz
5627;Budy-zbroszki;Budy-zbroszki;Winnica
24459;Wola miedniewska;Wola miedniewska;Wiskitki
38628;Szymanów;Szymanów;Wisznia mała
6890;Wygoda;Wygoda;Wisznice
1936;Witkowo;Brak;Witkowo
17236;Ruś;Ruś;Wizna
10099;Stefanówka;Stefanówka;Wiązowna
28167;Surmaczówka;Surmaczówka;Wiązownica
8138;Smogorzówek;Smogorzówek;Wińsko
5003;Węglówka;Węglówka;Wiśniowa
24069;Brzezinki;Brzezinki;Wodzisław
51707;Lisiowólka;Lisiowólka;Wohyń
18055;Kolonia siedliska;Kolonia siedliska;Wojcieszków
14663;Otylin;Otylin;Wojcieszków
15733;Putnowice wielkie;Putnowice wielkie;Wojsławice
8575;Budków;Budków;Wola krzysztoporska
17171;Rokszyce;Rokszyce;Wola krzysztoporska
20291;Wandów;Wandów;Wola mysłowska
1651;Wolbrom;Brak;Wolbrom
12740;Bogusławice;Bogusławice;Wolbórz
14021;Żywocin;Żywocin;Wolbórz
16166;Jarzębowo;Jarzębowo;Wolin
2247;Wołomin;Brak;Wołomin
19491;Nowe lipiny;Nowe lipiny;Wołomin
8004;Wołów;Brak;Wołów
6466;Kłopotówka;Kłopotówka;Wołów
6255;Miłcz;Miłcz;Wołów
4889;Woźniki;Brak;Woźniki
14018;Piasek;Piasek;Woźniki
366;Wrocław;Brak;Wrocław
406804;Dokerska;Wrocław-fabryczna;Wrocław
72674;Fabryczna;Wrocław-fabryczna;Wrocław
359475;Jurija gagarina;Wrocław-fabryczna;Wrocław
90344;Kozanów;Wrocław-fabryczna;Wrocław
103403;Leśnica;Wrocław-fabryczna;Wrocław
419634;Lubska;Wrocław-fabryczna;Wrocław
374775;Ludwika idzikowskiego;Wrocław-fabryczna;Wrocław
424521;Potokowa;Wrocław-fabryczna;Wrocław
295256;Rumiankowa;Wrocław-fabryczna;Wrocław
92900;Stabłowice;Wrocław-fabryczna;Wrocław
448841;Antonia vivaldiego;Wrocław-krzyki;Wrocław
104062;Bieńkowice;Wrocław-krzyki;Wrocław
472092;Blizanowicka;Wrocław-krzyki;Wrocław
84583;Krzyki;Wrocław-krzyki;Wrocław
97391;Partynice;Wrocław-krzyki;Wrocław
497633;Rybnicka;Wrocław-krzyki;Wrocław
304180;Skarbowców;Wrocław-krzyki;Wrocław
92435;Tarnogaj;Wrocław-krzyki;Wrocław
400415;Walońska;Wrocław-krzyki;Wrocław
386353;Wesoła;Wrocław-krzyki;Wrocław
534803;Wietrzna;Wrocław-krzyki;Wrocław
291407;Cynamonowa;Wrocław-psie pole;Wrocław
290097;Ferdynanda magellana;Wrocław-psie pole;Wrocław
430398;Miłoszycka;Wrocław-psie pole;Wrocław
97677;Swojczyce;Wrocław-psie pole;Wrocław
3273;Wrocław-psie pole;Wrocław-psie pole;Wrocław
319576;Muzealny;Wrocław-stare miasto;Wrocław
3282;Wrocław-stare miasto;Wrocław-stare miasto;Wrocław
263823;Wszystkich świętych;Wrocław-stare miasto;Wrocław
351826;Kaszubska;Wrocław-śródmieście;Wrocław
355224;Myśliwska;Wrocław-śródmieście;Wrocław
385414;Romana dmowskiego;Wrocław-śródmieście;Wrocław
103449;Sępolno;Wrocław-śródmieście;Wrocław
95200;Śródmieście;Wrocław-śródmieście;Wrocław
56517;Wronki;Brak;Wronki
20494;Chojno-błota małe;Chojno-błota małe;Wronki
7368;Jasionna;Jasionna;Wronki
56507;Września;Brak;Września
4434;Szczepanki;Szczepanki;Wydminy
13279;Suchawa;Suchawa;Wyryki
10562;Klawek;Klawek;Wyrzysk
9375;Wysokie;Wysokie;Wysokie
17304;Kalinowo-czosnowo;Kalinowo-czosnowo;Wysokie mazowieckie
24972;Stare osipy;Stare osipy;Wysokie mazowieckie
9331;Trzeszczkowo;Trzeszczkowo;Wyszki
12182;Puste łąki;Puste łąki;Wyszków
398731;Akacjowa;Ul. Akacjowa;Wąbrzeźno
20107;Wądroże małe;Wądroże małe;Wądroże wielkie
61541;Wągrowiec;Brak;Wągrowiec
24074;Tomkowo;Tomkowo;Wąpielsk
4062;Wiewierz;Wiewierz;Wąsosz
24806;Stręgiel;Stręgiel;Węgorzewo
2515;Władysławowo;Brak;Władysławowo
17565;Władysławowo;Brak;Władysławowo
346;Włocławek;Brak;Włocławek
335316;Leśna;Ul. Leśna;Włocławek
34349;Koczury;Koczury;Włoszakowice
30524;Kotowie;Kotowie;Włoszczowa
2012;Zabrodzie;Brak;Zabrodzie
344;Zabrze;Brak;Zabrze
448412;Marii curie-skłodowskiej;Centrum;Zabrze
6485;Proczki;Proczki;Zabór
58587;Ryboły;Ryboły;Zabłudów
15832;Modlikowice;Modlikowice;Zagrodno
926;Zagórów;Brak;Zagórów
40947;Zakopane;Brak;Zakopane
94231;Strążyska;Strążyska;Zakopane
31084;Dębina;Dębina;Zakrzew
16131;Zaręby-grzymały;Zaręby-grzymały;Zambrów
1290;Zamość;Brak;Zamość
11299;Lipsko-kosobudy;Lipsko-kosobudy;Zamość
428438;Marii konopnickiej;Ul. Marii konopnickiej;Zamość
40565;Strońsko;Strońsko;Zapolice
18322;Długie;Długie;Zarszyn
21522;Skłody-piotrowice;Skłody-piotrowice;Zaręby kościelne
18253;Budy milewskie;Budy milewskie;Zawidz
42563;Kosmaczewo;Kosmaczewo;Zawidz
39714;Zawidz kościelny;Zawidz kościelny;Zawidz
24043;Błędna;Błędna;Zawoja
13333;Dolina;Dolina;Zawoja
33513;Kiecka;Kiecka;Zawoja
14495;Rąbaniska;Rąbaniska;Zawoja
9235;U bartonków;U bartonków;Zawoja
14599;Kopiec;Kopiec;Zawonia
19588;Stary krzesk;Stary krzesk;Zbuczyn
59669;Zbąszynek;Brak;Zbąszynek
36925;Kosieczyn;Kosieczyn;Zbąszynek
530416;Przedszkolna;Ul. Przedszkolna;Zbąszynek
8201;Nowa wieś;Nowa wieś;Zbąszyń
10192;Zduńska wola;Brak;Zduńska wola
31825;Tymienice;Tymienice;Zduńska wola
13068;Zgorzelec;Brak;Zgorzelec
18192;Jędrzychowice;Jędrzychowice;Zgorzelec
353;Zielona góra;Brak;Zielona góra
258652;Łężyca-inwestycyjna;Łężyca;Zielona góra
36099;Pękowice;Pękowice;Zielonki
540972;A3;Węgrzce;Zielonki
60746;Zwierzyniec;Brak;Zwierzyniec
38378;Topólcza;Topólcza;Zwierzyniec
4446;Jasieniec-kolonia;Jasieniec-kolonia;Zwoleń
22723;Józefów;Józefów;Zwoleń
40020;Sydół;Sydół;Zwoleń
7431;Wólka szelężna;Wólka szelężna;Zwoleń
55853;Ząbki;Brak;Ząbki
22901;Ząbkowice śląskie;Brak;Ząbkowice śląskie
366562;Jasna;Ul. Jasna;Ząbkowice śląskie
4972;Draganie;Draganie;Zębowice
38604;Wojsławice;Wojsławice;Złota
20998;Czarna glina;Czarna glina;Ćmielów
11653;Łabowiec;Łabowiec;Łabowa
50062;Ładzice;Ładzice;Ładzice
1984;Łagów;Brak;Łagów
1966;Łambinowice;Brak;Łambinowice
14072;Łapy;Brak;Łapy
20510;Roszki-wodźki;Roszki-wodźki;Łapy
36029;Krzucz;Krzucz;Łask
49792;Kmiczyn-kolonia;Kmiczyn-kolonia;Łaszczów
21271;Pukarzów-kolonia;Pukarzów-kolonia;Łaszczów
85327;Łaziska średnie;Łaziska średnie;Łaziska górne
8812;Wały;Wały;Łazy
9336;Poterka;Poterka;Łochów
11307;Stara łomża nad rzeką;Stara łomża nad rzeką;Łomża
50836;Gieraszowice;Gieraszowice;Łoniów
45566;Wronowice;Wronowice;Łososina dolna
12734;Dąbrówka łubniańska;Dąbrówka łubniańska;Łubniany
21887;Wilkowa;Wilkowa;Łubnice
13041;Osuchy;Osuchy;Łukowa
11755;Klimki drugie;Klimki drugie;Łuków
19798;Zarzecz łukowski;Zarzecz łukowski;Łuków
48446;Żdżary;Żdżary;Łuków
14333;Wyżega;Wyżega;Łyse
9582;Złota góra;Złota góra;Łyse
23367;Zęgwirt;Zęgwirt;Łysomice
22622;Zakulin;Zakulin;Łyszkowice
162;Łódzki wschodni;Brak;Łódzki wschodni
16129;Gałkówek-parcela;Koluszki;Łódzki wschodni
7123;Stare chrusty;Koluszki;Łódzki wschodni
10526;Prawda;Rzgów;Łódzki wschodni
378;Łódź;Brak;Łódź
69149;Bałuty;Łódź-bałuty;Łódź
523408;Nastrojowa;Łódź-bałuty;Łódź
413356;Rojna;Łódź-bałuty;Łódź
65196;Teofilów;Łódź-bałuty;Łódź
295491;Traktorowa;Łódź-bałuty;Łódź
345481;Łagiewnicka;Łódź-bałuty;Łódź
340932;Łanowa;Łódź-bałuty;Łódź
92812;Chojny;Łódź-górna;Łódź
94058;Dąbrowa;Łódź-górna;Łódź
520115;Grabowa;Łódź-górna;Łódź
69530;Górna;Łódź-górna;Łódź
392001;Krucza;Łódź-górna;Łódź
72483;Kurak;Łódź-górna;Łódź
82379;Marysin;Łódź-górna;Łódź
69325;Nowe rokicie;Łódź-górna;Łódź
88220;Ruda pabianicka;Łódź-górna;Łódź
429529;Zarzewska;Łódź-górna;Łódź
337759;Biegunowa;Łódź-polesie;Łódź
370621;Grodzieńska;Łódź-polesie;Łódź
438248;Konstantynowska;Łódź-polesie;Łódź
86536;Koziny;Łódź-polesie;Łódź
269546;Marcina kasprzaka;Łódź-polesie;Łódź
97758;Polesie;Łódź-polesie;Łódź
93149;Retkinia;Łódź-polesie;Łódź
357297;Spadochroniarzy;Łódź-polesie;Łódź
371704;Srebrzyńska;Łódź-polesie;Łódź
63703;Zdrowie;Łódź-polesie;Łódź
432633;Andrzeja kmicica;Łódź-widzew;Łódź
540493;Fabryczna;Łódź-widzew;Łódź
308985;Karla dedeciusa;Łódź-widzew;Łódź
308247;Ks. biskupa wincentego tymienieckiego;Łódź-widzew;Łódź
435285;Mieczysławy ćwiklińskiej;Łódź-widzew;Łódź
68642;Olechów;Łódź-widzew;Łódź
297841;Wacława wojewódzkiego;Łódź-widzew;Łódź
96636;Widzew;Łódź-widzew;Łódź
371214;Dr. adama próchnika;Łódź-śródmieście;Łódź
73691;Śródmieście;Łódź-śródmieście;Łódź
355000;Płocka;Łąck;Łąck
3508;Polanka;Polanka;Łącko
30894;Wyłupki;Wyłupki;Łącko
3635;Osełków;Osełków;Łączna
62426;Łęczna;Brak;Łęczna
347874;Generała sikorskiego;Ul. Generała sikorskiego;Łęczna
28141;Kozuby;Kozuby;Łęczyca
16576;Strzebielino-osiedle;Strzebielino-osiedle;Łęczyce
15440;Opatowiec;Opatowiec;Łęka opatowska
365000;Zamkowa;Kocierz rychwałdzki;Łękawica
8091;Zalesie-poczynki;Zalesie-poczynki;Śniadowo
24983;Osieczyna;Kostomłoty;Średzki
6029;Miąskowo;Krzykosy;Średzki
22552;Michałów;Nowe miasto nad wartą;Średzki
497519;Harcerska;Środa wielkopolska;Średzki
14363;Pławce;Środa wielkopolska;Średzki
434758;Za strzelnicą;Środa wielkopolska;Średzki
11904;Środa wielkopolska;Środa wielkopolska;Średzki
36324;Ciechów;Środa śląska;Średzki
3542;Kobylniki;Środa śląska;Średzki
6999;Luciny;Luciny;Śrem
547881;Gen. jarosława dąbrowskiego;Ul. Gen. jarosława dąbrowskiego;Śródmieście
1950;Świdnica;Brak;Świdnica
31228;Świdnica;Brak;Świdnica
262500;Juliusza słowackiego;Ul. Juliusza słowackiego;Świdnik
56435;Świecie;Brak;Świecie
21435;Dziki;Dziki;Świecie
7095;Biestrzykowice;Biestrzykowice;Świerczów
22799;Ciesław;Ciesław;Świerzno
1681;Świnice warckie;Brak;Świnice warckie
377;Świnoujście;Brak;Świnoujście
336509;11 listopada;Ul. 11 listopada;Świnoujście
292452;Bohaterów września;Ul. Bohaterów września;Świnoujście
383000;Parkowa;Gołanice;Święciechowa
543000;Krótka;Przybyszewo;Święciechowa
372;Świętochłowice;Brak;Świętochłowice
489297;Fryderyka chopina;Ul. Fryderyka chopina;Świętochłowice
14166;Żabno;Brak;Żabno
319171;Zgorzelecka;Ul. Zgorzelecka;Żary
24697;Budki;Budki;Żelechów
16174;Bożejewiczki;Bożejewiczki;Żnin
342;Żory;Brak;Żory
361292;Do jaru;Nowy świat;Żukowo
60312;Żyrardów;Brak;Żyrardów
268832;Marii nietrzebki;Ul. Marii nietrzebki;Żyrardów
9259;Borysów;Borysów;Żyrzyn
21934;Wola osińska;Wola osińska;Żyrzyn
31899;Żerdź;Żerdź;Żyrzyn
480336;Ogrodowa;Borzykowa;Żytno
14886;Modła;Modła;Żytno
30911;Sekursko;Sekursko;Żytno
