UlicaID;Nazwa_Ulicy
522784;jana matejki
423492;sokratesa
268629;piotra wysockiego
406527;kościeszów
539953;jana kazimierza
420463;stanisława smolki
267888;jana pawła woronicza
319044;gen. klemensa stanisława rudnickiego
333692;mokotowska
513374;marcina kasprzaka
303635;przylaszczkowa
528896;dzięcieliny
319662;poloneza
365281;poematu
411599;jazgarzewska
290527;kolejowa
512897;marcina z wrocimowic
510885;promienista
292284;łopuszańska
383158;seweryna krzyżanowskiego
426753;bluszczańska
478151;warzelnicza
306821;chodzieska
456007;marywilska
277207;józefa lewartowskiego
455598;popularna
475551;jasiniec
424123;fort służew
517216;bokserska
308119;mydlarska
457692;braci załuskich
320257;chełmska
445985;sarmacka
261950;bruzdowa
453893;poczty gdańskiej
425983;zeusa
278233;gen. tadeusza bora-komorowskiego
459367;domaniewska
345867;posag 7 panien
305984;szumiących traw
265931;herbu oksza
529887;krochmalna
341419;karola taylora
281133;krzewna
348381;ostródzka
354331;duninów
320580;dzielna
535159;ks. jerzego popiełuszki
269258;kopalniana
472089;dionizosa
363783;małych dębów
296180;białej koniczyny
539326;ruczaj
311775;ryżowa
351091;żelazna
308634;bernardyńska
324086;toruńska
447249;pawła włodkowica
481632;mińska
348830;al. aleje jerozolimskie
493132;równoległa
352261;podskarbińska
531173;"aleja solidarności"""
400545;szeligowska
540958;ludwiki
536076;aleja jana pawła ii
407491;jana wasilkowskiego
543273;aleje jerozolimskie
403782;szybka
259559;rondo legii warszawa
541553;zasadowa
285886;złota
347772;antoniego józefa madalińskiego
380207;fabryczna
356004;przy agorze
330157;mroczna
428468;białołęcka
455553;kałuszyńska
481338;goździków
283476;pożarowa
451903;grzybowska
422791;karmelicka
419411;flisaków
305833;rynek starego miasta
457473;szlenkierów
409862;jana maklakiewicza
499679;tadeusza korzona
274762;winorośli
325461;bielańska
312996;wolińska
357125;wybrańska
417177;aleksandra gieysztora
332315;aleja wilanowska
549886;rozbrat
419049;lazurowa
346322;kazachska
339489;stanisława mikołajczyka
316520;mikołaja kopernika
278843;postępu
436380;wspólna
458059;powsińska
496358;józefa sierakowskiego
382631;niewielka
454540;krzywe koło
330272;chmielna
532292;antoniego kocjana
350841;jana rosoła
310569;czarnomorska
378988;skoroszewska
488143;aleja gen. władysława sikorskiego
358379;czereśniowa
356213;belwederska
476345;jana nowaka-jeziorańskiego
526692;zaolziańska
416577;mikołaja trąby
406107;jana kochanowskiego
337543;poleska
414023;ks. jana sitnika
540307;ostrobramska
332756;bokserska
297742;zwycięzców
345964;strumykowa
427238;optyków
498449;skarbka z gór
356178;obozowa
340564;wilcza
288944;józefa mehoffera
536932;jutrzenki
437816;dywizjonu 303
354170;batystowa
304848;wilczy dół
270433;stanisława noakowskiego
527402;górczewska
397494;świętojerska
341471;walerego sławka
394898;1 plm warszawa
519869;lwa tołstoja
344786;aleja prymasa tysiąclecia
386981;hanki czaki
482831;gizów
437070;waliców
528013;szpacza
540838;władysława korotyńskiego
312436;sielecka
414593;puławska
376409;szamoty
340289;aleja komisji edukacji narodowej
518081;aleja rzeczypospolitej
398626;hubalczyków
385380;władysława orkana
301263;adama mickiewicza
378800;krasnobrodzka
513435;nowolipki
500428;juliana ursyna niemcewicza
259230;michała oczapowskiego
485436;henryka raabego
285024;jagiellońska
354538;skaryszewska
502982;tadeusza krępowieckiego
526748;kleczewska
433579;aleja niepodległości
393185;solec
299615;chmielna
267977;nowiniarska
323759;jana kasprowicza
299376;zygmunta krasińskiego
519985;jugosłowiańska
460137;przyjacielska
288683;młynarska
517033;kaliska
373232;przasnyska
466790;bolkowska
319629;łowicka
399700;wolska
468324;chełmżyńska
546753;rtm. witolda pileckiego
314942;kubańska
385555;radziwie
353968;grójecka
288453;talarowa
320298;benedykta hertza
360514;janusza meissnera
372896;kinowa
500157;powstańców śląskich
551085;edmunda jana osmańczyka
321379;zawiszy
420582;bolesławicka
424881;śreniawitów
482588;ludwika kondratowicza
433493;szwedzka
481516;aleja niepodległości
372010;kurantów
313475;melchiora wańkowicza
457612;adolfa suligowskiego
286522;bartycka
485626;borsucza
424009;hilarego koprowskiego
453532;ciepielowska
427345;obrońców tobruku
466437;bombardierów
332037;kijowska
502651;śliska
449436;wojciecha górskiego
355391;jana olbrachta
269815;wyględowska
349336;tarchomińska
390386;sardyńska
273512;asfaltowa
268119;gen. józefa zajączka
334639;lutniowa
473335;kazimierza jeżewskiego
334820;walentego skorochód-majewskiego
501338;sonaty
377827;bitwy warszawskiej 1920 r.
425779;konik polny
397738;żwirki i wigury
531324;bytomska
458171;malborska
273485;uroczysko
430505;adama branickiego
474887;egejska
457657;odkryta
346580;antoniego edwarda odyńca
399380;budki szczęśliwickie
349006;dolna
463260;górna droga
368317;jana iii sobieskiego
372822;niska
268574;elektoralna
493244;krasiczyńska
410441;aleksandra kotsisa
410634;karolkowa
539531;batalionów chłopskich
459350;zagójska
438321;stępińska
485602;zapustna
351301;ks. juliana chrościckiego
517457;władysława broniewskiego
272066;rajska
324045;mieczysława wolfkego
495087;złotopolska
492345;obrzeżna
453617;wałbrzyska
440043;pirenejska
339058;wierna
282568;banioska
424304;międzynarodowa
400862;iberyjska
284762;klasyków
539844;aluzyjna
350751;jana iii sobieskiego
280462;kartograficzna
382696;jana husa
404306;żupnicza
549139;pszczyńska
366200;kazimierza gierdziejewskiego
510605;mochtyńska
390624;pandy
319980;nałęczowska
282009;kabacki dukt
514040;modlińska
364242;marymoncka
386285;oczary
353055;aleja jerzego waszyngtona
438354;melsztyńska
394720;cieszyńska
293197;dedala
482571;i poprzeczna
492557;floriana znanieckiego
338283;draceny
531212;jerzego bajana
472669;władysława jagiełły
503354;koźla
423956;mangalia
344279;różana
350442;władysława broniewskiego
345459;ludwika hirszfelda
287949;adama jarzębskiego
346859;zwoleńska
484709;stefana dembego
459174;luciana pavarottiego
434116;zagórzańska
437031;chłodna
504134;rokokowa
388089;saska
539640;bagno
385356;za łąkami
461189;białej floty
529285;sękocińska
542623;majdańska
301920;żytnia
427545;xawerego dunikowskiego
332182;chodecka
265758;belgradzka
308434;ogrodowa
519202;pasłęcka
414096;kwitnąca
481422;jerzego ficowskiego
420722;marszałkowska
479016;ludwika narbutta
514759;terespolska
521276;janowiecka
272438;zygmunta modzelewskiego
473369;aleja wyzwolenia
474042;światowida
452940;wawrzyńca surowieckiego
397525;irlandzka
319737;zielone zacisze
536802;konińska
261457;płosa
353030;wąwozowa
536563;zapłocie
531069;opoczyńska
521179;józefa elsnera
438992;foksal
545653;komputerowa
418038;korkowa
308776;edwarda gibalskiego
295727;dymińska
406588;balladyny
308447;jana piekałkiewicza
323118;podchorążych
358796;topiel
472616;mjr. henryka sucharskiego
509282;wita stwosza
504338;marca polo
278791;aleja władysława reymonta
448794;stanisława kazury
442243;josepha conrada
287293;apenińska
496773;michała kleofasa ogińskiego
349161;starowiślna
273487;szlifierska
463251;bednarska
384397;vincenta van gogha
362492;płochocińska
463585;makolągwy
280207;tomcia palucha
370665;palestyńska
453292;braci wagów
302027;polki
352514;suwalska
551352;chrystiana piotra aignera
527860;neseberska
523926;czerwonych maków
525231;białego dębu
358868;fryderyka joliot-curie
497617;adama naruszewicza
351660;gen. tadeusza pełczyńskiego
273027;bachmacka
424497;brzeska
286687;sprawna
319602;solipska
526319;nowoursynowska
421674;fortowa
399667;św. wincentego
492767;pod strzechą
503898;spacerowa
346058;antonia corazziego
258679;barska
350844;biesiadna
329885;bartłomieja
390235;jana pawła ii
322338;indiry gandhi
303179;celulozy
449106;podłużna
464545;górska
490141;zygmunta słomińskiego
444743;aleksandra świętochowskiego
414171;walecznych
315872;heroldów
419668;gorlicka
261040;przewodowa
297441;twarda
280746;kameralna
428164;pola karolińskie
410101;górczewska
526637;elbląska
524127;włodarzewska
495376;williama szekspira
402288;prałatowska
404393;bonifraterska
409866;wojciecha żywnego
386377;bitwy pod rokitną
345478;wyspowa
333313;tadeusza rechniewskiego
396390;krokwi
372157;wrocławska
497326;władysława bełzy
399018;okopowa
414992;dzielna
449410;józefa szanajcy
414510;targowa
259820;baśniowa
448407;cybernetyki
402639;władysława okińskiego
277626;nowodworska
548316;plac przymierza
452070;wolność
400318;kamyk
340225;pieskowa skała
520081;kluczborska
523757;pałuków
515097;wacława tokarza
285322;aleje jerozolimskie
259794;dynarska
500849;czerniakowska
353109;przemysłowa
389817;ogólna
300830;gwiaździsta
351572;artura grottgera
465227;klarysewska
451243;jana szymczaka
273149;adama pługa
397321;potulicka
516789;prymasa augusta hlonda
486059;anyżkowa
531290;hoża
326270;romualda mielczarskiego
516005;kniei
511840;michała okurzałego
402900;bronisława czecha
354684;mariana keniga
313240;rodziny połanieckich
349487;jerzego zaruby
311617;blacharska
489701;niegocińska
436127;miedza
424236;pod brzozami
525127;franciszka kostrzewskiego
332622;kartaginy
473219;maszynowa
533076;witolińska
393186;wiolinowa
278957;górnośląska
291479;aleksandra kowalskiego
354918;józefa chełmońskiego
265060;łojewska
389986;hansa christiana andersena
361128;szegedyńska
434879;berezyńska
343743;gen. waleriana czumy
284047;służby polsce
450444;1 maja
305143;alojzego felińskiego
453054;przy lasku
266976;urocza
493133;aleja 3 maja
382002;radiowa
298323;samarytanka
510131;siedmiogrodzka
383291;obwodowa
544389;aleja wilanowska
465048;gumińska
316753;fryderyka chopina
383514;zdrowa
435818;cecylii śniegockiej
483917;tajemna
500516;smoleńska
434543;kłobucka
287675;franciszka ksawerego dmochowskiego
511719;klinkierowa
403020;józefa sowińskiego
273136;baborowska
371127;wał miedzeszyński
452161;fantazyjna
427832;szamocka
276531;jana czeczota
326858;stanisława herbsta
496075;św. urszuli ledóchowskiej
505164;filtrowa
310319;bukowińska
289969;kazimierza deyny
439265;łukowska
440335;pokorna
448745;franciszka raszei
292960;aleja armii ludowej
320021;biskupia
508177;starowiejska
364478;belgijska
337369;dobra
526045;syreny
500331;sándora petöfiego
364749;pawia
506802;łukowa
527420;fort wola
296315;podbipięty
349836;karola szymanowskiego
370933;grzybowa
536105;łucka
505714;śniardwy
337552;skierniewicka
282279;adolfa pawińskiego
459009;markowska
465626;"dywizjonu ak jeleń"""
493217;grochowska
454328;dorycka
544393;karola dickensa
269147;erazma ciołka
404801;edwarda habicha
491796;silnikowa
375737;związku walki młodych
468448;wiktorska
266073;mołdawska
536035;jeździecka
501526;mańkowska
427038;kazimierza szałasa
308796;stanisława wyspiańskiego
283691;geometryczna
459816;bystra
352692;platynowa
511033;aleksandra fleminga
483227;stawki
357081;franciszka kawy
511459;zadumana
409803;wiejska
274030;racławicka
425949;opinogórska
260022;przylesie
266111;jana kilińskiego
276192;kielecka
520343;bełdan
285583;rybałtów
491282;starej baśni
336424;pilchowicka
494281;sąchocka
378641;liwska
344833;gen. władysława andersa
295745;na uboczu
282319;żytomierska
393103;gubinowska
382489;literacka
332176;stefana żeromskiego
357506;komorska
388072;nike
380630;rabindranatha tagore
525150;orlich gniazd
473035;grzybowska
330262;garwolińska
458087;św. andrzeja boboli
394254;twórcza
472815;czerniakowska
479083;karabeli
545528;wolnej wszechnicy
456202;igańska
355976;balkonowa
289426;stalowa
500974;józefa siemieńskiego
542176;sztygarów
368968;zakole
397954;krowia
497049;capri
388302;oś królewska
482082;maszewska
547119;sieczna
525098;kazimierzowska
444579;dantego alighieri
495079;ogórkowa
363088;powązkowska
430925;stryjeńskich
352868;skalbmierska
457430;koncertowa
302379;ojrzanowska
360262;ignacego potockiego
459129;biały kamień
518864;elżbiety rakuszanki
510120;marii grzegorzewskiej
456363;zamiany
354852;turmoncka
533925;pańska
310229;"zgrupowania ak żmija"""
382119;starego doktora
380572;wólczyńska
436713;oliwska
487130;budki szczęśliwickie
367367;głębocka
390871;zygmunta noskowskiego
283607;wałowa
325460;daniłowiczowska
455511;pawia
495839;aleja niepodległości
443925;ludwika michała paca
269887;przy forcie
543603;gołkowska
415847;pawła suzina
454690;wileńska
319333;murmańska
439824;rumiankowa
440217;kobielska
267338;długa
332701;rzepichy
303847;radzymińska
305847;aleja słowiańska
324396;mieczysława pożaryskiego
419008;owoców leśnych
266684;jagienki
497594;stanisława kulczyńskiego
432625;włościańska
429430;"zgrupowania ak żubr"""
310644;leonida teligi
387234;bakalarska
518657;"pułku ak baszta"""
550485;gościeradowska
327959;palmowa
301492;kaukaska
288581;jana nagórskiego
417196;wiśniowa
323192;lubelska
368603;eugeniusza lokajskiego
404443;kopińska
542155;kredytowa
508158;jana karola chodkiewicza
356355;międzyborska
380867;leona berensona
511019;wojciecha bogusławskiego
519872;eugeniusza ajewskiego
339352;kądziołeczki
437530;esperanto
378613;bobrowiecka
402398;człuchowska
516429;inflancka
358060;józefa korzeniowskiego
414509;konduktorska
344174;juliusza słowackiego
528873;ząbki
395357;borowej góry
362546;smolna
476249;królowej marysieńki
410389;rozłucka
418489;warszawska
435194;pochyła
416202;łużycka
402685;zawadowskiego
279371;1 sierpnia
470840;sławińska
381802;bolesława chrobrego
274925;iwicka
541034;edwarda warchałowskiego
535090;góralska
397951;jana ostroroga
291724;dzieci warszawy
442779;kolska
405206;miklaszewskiego
438757;żeglugi wiślanej
317624;portofino
460775;ekologiczna
350772;czerwona droga
419163;stanisława żaryna
420889;fajansowa
288827;apartamentowa
543860;rzymowskiego
386446;wyszogrodzka
346578;trzcinowa
319170;sokołowska
354451;antoniego magiera
370730;żołnierzy wyklętych
326746;bielska
262495;ukryty raj
432624;bagatela
461423;rokosowska
322808;rudzka
360702;21 pułku piechoty dzieci warszawy
473167;nowolipki
454551;dyrekcyjna
312260;stefana czarnieckiego
373485;herbu janina
264519;karola bohdanowicza
458477;kowieńska
437745;redutowa
371547;lasek brzozowy
362946;aleksandra gajkowicza
441543;puszczy solskiej
532288;batumi
481531;św. bonifacego
377795;plac wojska polskiego
386303;sienna
330115;"augusta emila fieldorfa nila"""""
486449;bogunki
550273;harfowa
543632;dąbrowskiej
422535;staszica
464352;rybitwy
456569;srebrna
312582;przemyska
473821;księcia bolesława
370668;wioślarska
366145;afrykańska
297558;stanisława kierbedzia
367292;nowy świat
383592;bolesława limanowskiego
418066;romana palestera
292599;jerzego iwanowa-szajnowicza
279670;towarowa
276456;konstancińska
271938;nowogrodzka
515440;kwiatów polskich
340091;magnacka
301651;elektryczna
287655;broniwoja
308000;zagłoby
333305;koszykowa
541088;aleja lotników
499610;marynin
502908;francuska
466435;pabla nerudy
510731;bielawska
390534;szarych szeregów
349666;storczykowa
514206;żwirki i wigury
503475;podleśna
324447;eugeniusza szwankowskiego
483571;aleja wyścigowa
538618;piaskowa
354972;obywatelska
429412;gwiaździsta
373118;zięby
485315;przedpole
531716;zaborowska
276186;książęca
300526;radna
524905;roztocka
303297;wielicka
422052;jana kowalczyka
391545;solińska
529936;porajów
484335;echa leśne
407759;karola darwina
501017;łabiszyńska
489879;radomska
344511;plac konesera
415670;łagodna
488448;stefana batorego
411185;portowa
546978;jana blatona
514118;jaworowa
426799;mariana zdziechowskiego
320571;klaudyny
412492;widawska
375292;instalatorów
472227;precyzyjna
449055;kłopot
468243;książkowa
331865;lusińska
488681;radzymińska
372855;herbu szreniawa
416058;argentyńska
410729;tadeusza manteuffla
297980;geodezyjna
406756;ludwika rydygiera
434682;grenadierów
509759;św. hieronima
277604;edwarda dembowskiego
261491;antoniego dobiszewskiego
291732;widok
263485;tukanów
390336;marsylska
508750;bracławska
277007;arki bożka
466198;zabielska
260928;tadeusza boya-żeleńskiego
306458;trójpolowa
515252;heleny junkiewicz
263625;kazimierza wyki
309963;ceramiczna
465137;ciasna
271017;oskara sosnowskiego
416744;urle
496263;samolotowa
294175;stanisława wojciechowskiego
551171;stefana okrzei
405195;kroczewska
347191;wolfganga amadeusza mozarta
513532;wołomińska
326638;księcia witolda
286638;bukietowa
383946;quo vadis
337210;hajoty
490220;floriańska
482147;wróbla
340688;stefana kopcińskiego
527254;grabowska
370859;daleka
419898;pustola
524685;leszczyny
488276;tadeusza korsaka
502918;jana feliksa piwarskiego
296103;króla maciusia
398707;łagowska
498072;"aleja solidarności"""
522134;skwer kard. stefana wyszyńskiego
270000;osowska
368499;benedykta polaka
430363;londyńska
522897;tamka
303120;flory
501231;przerwana
491273;stefana batorego
373694;ks. teofila boguckiego
547859;lipska
514338;człuchowska
268992;vincenza belliniego
391938;sarenki
288344;armii krajowej
493154;mazowiecka
412583;łochowska
337195;cichy potok
505811;bekasów
355737;borzymowska
503617;piękna
392237;mordechaja anielewicza
310168;gołuchowska
325893;franciszka klimczaka
385495;babimojska
315952;michała bałuckiego
449478;gen. romana abrahama
521941;potocka
399859;kazubów
449682;perkuna
368870;polna
288934;budowlana
277246;synów pułku
281516;"danuty siedzikówny inki"""
349719;hanki ordonówny
506920;leona kruczkowskiego
310882;leszczyńska
397112;życzliwa
287733;senatorska
291146;jaszowiecka
419653;władysława niegolewskiego
297989;krzysztofa kieślowskiego
309269;juliana konstantego ordona
359958;grażyny bacewiczówny
365495;krucza
507553;gąbińska
342765;goławicka
324069;jarosława dąbrowskiego
347322;artura malawskiego
285626;szaserów
536952;kwatery głównej
389498;strzelecka
278758;samuela bogumiła lindego
548755;muranowska
543034;władysława tatarkiewicza
473388;aleja stanów zjednoczonych
518989;konopacka
534139;gościniec
475299;małej brzozy
345287;stańczyka
463444;poligonowa
365554;nowy służewiec
332775;jana olbrachta
435897;syrokomli 7/
523705;obiegowa
402102;janinówka
359454;twarda
472735;franciszkańska
548462;aleksandra prystora
375655;ludwika zamenhofa
337605;plac bankowy
287932;heroldów
390603;gioacchino rossiniego
417784;witolda doroszewskiego
334810;alternatywy
432179;christa botewa
353528;bliska
411172;syta
462167;zwierzyniecka
376881;gen. sylwestra kaliskiego
484249;władysława umińskiego
544372;słoneczna
350329;wołoska
380588;melomanów
487848;drewniana
413376;stanisława przybyszewskiego
423650;mikołajska
389839;kolorowa
523729;ks. ignacego kłopotowskiego
304679;eukaliptusowa
351561;jankowska
380903;anny radziwiłł
280505;zambrowska
367251;wichrowa
523779;motylkowa
312239;złota
458408;geodetów
394359;claudia monteverdiego
401825;wszemirowska
369889;gen. meriana c. coopera
370717;admiralska
452580;rzymska
292336;żuromińska
415192;wiosenna
514515;listonoszy
356646;pustelnicka
301694;kiwerska
278637;tylżycka
305099;lebiodowa
482202;lizbońska
311359;karola miarki
479030;santocka
380038;bazyliańska
451688;lewinowska
427476;znicza
375954;bogata
276540;mariana wyrzykowskiego
289860;dynasy
272967;etiudy rewolucyjnej
494835;stanisława rogalskiego
550773;stefana baleya
370205;omulewska
459900;orzycka
301988;aspekt
409879;augustyna kordeckiego
367166;hafciarska
344668;mordechaja anielewicza
527353;olesińska
522550;czerwonych beretów
371982;jurija gagarina
532843;racławicka
398110;deotymy
330176;smardzewska
420039;stefana banacha
395317;rembielińska
532809;ignacego prądzyńskiego
358969;motorowa
296432;barkocińska
293164;józefa chłopickiego
472667;zbaraska
444543;aleje jerozolimskie
294472;oksywska
326428;komitetu obrony robotników
463035;karola adamieckiego
502792;jara
515539;andrutowa
338344;kaliny jędrusik
501045;pod lipą
344307;muszlowa
368414;orlego lotu
302750;budrysów
486077;agawy
541317;brązownicza
312704;romualda millera
381029;genewska
467758;szulborska
313502;rumby
429618;polinezyjska
530545;narwik
374660;pokrzywnicka
265457;ciepła
511239;przaśna
306845;podchorążych
381881;skrajna
278745;płk. witolda łokuciewskiego
384192;siewierska
513892;mariana hemara
389767;kolarska
503002;tykocińska
323083;okęcka
458011;orląt lwowskich
281743;głębocka
497788;henryka i brodatego
394835;apteczna
504384;gdańska
480018;stefana bobrowskiego
392116;miła
468407;księcia janusza
439681;kompasowa
469656;paryska
542258;mariana smoluchowskiego
397867;drogomilska
442801;irysowa
334894;stanisława dygata
336015;jana krysta
510469;pamiętna
481007;polskie drogi
494094;cicha
512364;arcangela corellego
480572;witolda małcużyńskiego
537035;płużnicka
282240;jurajska
351025;stanisława barei
457018;szymona askenazego
457261;rondo stefana starzyńskiego
538108;chocimska
434609;stanisława kostki potockiego
418463;bolesława podczaszyńskiego
365576;jeździecka
536841;kazimierza grodeckiego
488624;adama worobczuka
471906;wandy
264245;myśliborska
423933;białobrzeska
364806;ludwika mycielskiego
265744;giełdowa
415182;goczałkowicka
281882;dorotowska
292699;racjonalizacji
330427;rożnowska
463510;stanisława augusta
401588;marii rodziewiczówny
497716;strubiczów
383534;siedlecka
401811;hipolita wawelberga
473818;ostródzka
342605;poli gojawiczyńskiej
447419;piaseczyńska
337591;łopianowa
433849;dzika
380962;jana pohoskiego
446690;klukowska
372619;nowoursynowska
357165;czeremchowa
268062;zamkowa
481940;mariana nowickiego
356161;tylmana gamerskiego
549458;jasielska
544773;michała drzymały
312544;niska
382697;misia uszatka
536095;józefa bema
505997;podolska
441716;pory
450490;bociania
339256;meander
376407;graniczna
324307;jana zaorskiego
519772;rakowska
386494;orłów piastowskich
465168;franciszka marii lanciego
359526;płk. stanisława dąbka
451653;józefa dwernickiego
464932;finlandzka
282064;krańcowa
531850;kwiatowa
342968;poznańska
466979;mrówcza
427332;ateńska
411323;czapelska
487660;stanisława worcella
398404;grzymalitów
395193;wspólna droga
301350;gen. leopolda okulickiego
407166;pejzażowa
429858;potrzebna
515548;"kompanii ak goplana"""
291566;uszatki
432544;aleja jana pawła ii
407320;jana marcina szancera
346729;orla
537275;fasolowa
534108;małej łąki
331520;jana długosza
493355;soczi
296385;sandomierska
370909;królewska
364127;wojskowa
467073;franciszka ilskiego
273409;czechowicka
294396;kraski
508830;plac gen. józefa hallera
421005;niekłańska
386661;szklanych domów
411926;leona schillera
325845;arbuzowa
302469;kazimierza promyka
546765;toruńska
519504;księcia ziemowita
455870;remiszewska
313403;czesława tańskiego
528848;złoty potok
287751;marcina flisa
353484;na przyzbie
478926;rondo wiatraczna
384584;celestynowska
382308;młodnicka
296622;pohulanka
382509;jerzego
518368;zgoda
460452;bergamotki
428792;mała
411672;bernarda wapowskiego
290646;wilków morskich
418758;plac aleksandra rembowskiego
460254;plac inwalidów
376107;lutocińska
485957;kard. aleksandra kakowskiego
332768;burakowska
344449;zamieniecka
530926;plac konstytucji
409762;zabłocińska
533285;węglarska
428056;banderii
395930;budy
402506;olszowa
439823;drezdeńska
321038;lechicka
414751;piwna
470643;aleja jana chrystiana szucha
353319;królów polskich
519570;gen. kazimierza sosnkowskiego
450013;kościuszkowców
376959;wiarusów
480414;erazma z zakroczymia
499902;smocza
415633;zygmunta hübnera
400410;krechowiecka
471119;jezuicka
275283;pomiechowska
351398;aleksandra kamińskiego
361081;renesansowa
341120;franciszka łukaszczyka
412597;bysławska
326438;rejsu
281985;archiwalna
492163;heliotropów
366804;wilanowska
376564;stefana szolc-rogozińskiego
534350;ppłk. wacława szadkowskiego
369145;pasymska
438741;przejezdna
332942;montwiłłowska
278120;podborska
402874;szczęsna
296420;chodakowska
364412;wybrzeże puckie
353285;niecała
399999;nicejska
462595;belwederska
458959;milenijna
339176;maltańska
284882;ludwika waryńskiego
259411;szczepana grzeszczyka
472038;rozłogi
280376;nowolipie
392751;zakrzewska
471721;sanocka
417221;dychowska
498742;nugat
388864;olgierda
262883;obrońców helu
353065;sosnowiecka
495540;gawędziarzy
534500;drawska
313969;konstruktorska
381444;pachnąca
436915;plac zbawiciela
280560;astronautów
341144;władysława hermana
440767;siennicka
278046;płocka
518874;juliana smulikowskiego
522658;majakowskiego
327573;przy bażantarni
397862;rosy bailly
285870;rekrucka
301820;lisi jar
518786;polnej róży
370869;śmiała
476179;antoniego czechowa
420764;taśmowa
345270;przechodnia
469060;biograficzna
422293;opaczewska
427145;aleksandra kraushara
509392;wieluńska
434596;kępna
510028;stefana bryły
448863;kawcza
353471;internetowa
311924;lajosa kossutha
394309;krochmalna
282582;werbeny
448237;majolikowa
275028;aleje ujazdowskie
476966;balonowa
315844;dostatnia
418011;brazylijska
545536;efraima schroegera
491436;przyrzecze
413361;naddnieprzańska
469523;wiślanego nurtu
405810;freta
371558;lipowa
492893;wynalazek
542721;leżajska
353717;29 listopada
309692;plac 1905 roku
387381;nałęczowska
537766;stanisława rostworowskiego
260151;miła
423699;kajetana garbińskiego
426852;izabelli
534656;uniejowska
443934;wybrzeże kościuszkowskie
300169;prosta
381635;poetów
327377;śmigielska
395973;jubilerska
360557;gen. władysława sikorskiego
313656;koprzywiańska
519594;podwale
298549;grażyny
399311;włodzimierza perzyńskiego
482785;monte cassino
379806;ząbkowska
355992;zbyszka cybulskiego
320290;dereniowa
283743;liliowa
467626;ludowa
525093;mirabelki
341114;nowolipie
483742;wiertnicza
494031;gawota
449146;kamionkowska
550032;stanisława dubois
285719;baletowa
382473;lubieszowska
523539;barcelońska
350538;gdańska
387253;antoniego pajdaka
261623;dębicka
346741;"aleja gen. antoniego chruściela montera"""
516344;honoriusza balzaka
324790;srebrnych świerków
433166;frachtowa
286587;loteryjki
517087;wiślicka
541761;emilii plater
547858;ludna
413221;spalska
308356;nizinna
297401;wieśniacza
517275;ćmielowska
345827;gustawa morcinka
472328;park leśny bemowo
473632;globusowa
290834;śródziemnomorska
321548;odolańska
447531;puszczyka
336106;brata alberta
390135;"batalionu ak włochy"""
507658;szczupacza
264325;świętosławska
516878;franciszka żymirskiego
377413;sapieżyńska
539810;roty
416591;ciszewska
351225;zorzy
458801;pruszkowska
435189;złotej wilgi
545627;gen. stanisława skalskiego
517633;tczewska
449505;dźwigowa
478403;gen. wiktora thomméego
347714;jana żabińskiego
334071;zakroczymska
454784;zasobna
504945;latyczowska
352173;techników
509678;cietrzewia
523076;siemiatycka
446306;mandarynki
288686;tytusa chałubińskiego
294556;kazimierza pużaka
426028;cypriana kamila norwida
397643;wiśniowy sad
357768;zamiejska
437588;żołny
458726;szczęśliwicka
426794;kłopot
307470;zagórna
353472;świeradowska
464730;modra
390319;wilhelma konrada roentgena
267496;plac grunwaldzki
370688;bartosza głowackiego
283105;urbanistów
498009;meksykańska
513641;plac jana henryka dąbrowskiego
496965;białowieska
274361;tomasza nocznickiego
273158;wronia
312276;sułkowicka
385453;tawułkowa
516505;liwiecka
396224;blaszana
499351;piotra michałowskiego
350088;janusza korczaka
464093;lirowa
300203;biedronki
396948;plac politechniki
393410;kokoryczki
262024;gen. ludomiła rayskiego
309538;zbigniewa romaszewskiego
527587;grodkowska
292440;aleja krakowska
420010;starej gruszy
451554;zachariasza
426002;grzegorza przemyka
443132;rzędziana
352649;wacława wojtyszki
531116;orzechowa
425646;celownicza
294686;stanisława tołwińskiego
331553;studzienna
285265;widoczna
345219;namysłowska
496233;eugeniusza kwiatkowskiego
315863;jana sebastiana bacha
382285;radarowa
267832;aleja bohaterów września
306731;naukowa
358881;sienna
318478;hawajska
480281;elektry
401679;władysława przanowskiego
498308;godowska
385622;wschodnia
339095;bogatyńska
262550;carla goldoniego
512396;wojciecha chrzanowskiego
455778;feliksa pancera
406326;jasna
312959;stepowa
357246;ignacego krasickiego
319290;józefa mianowskiego
548904;litewska
455167;świderska
297953;apoloniusza kędzierskiego
466749;ferdynanda magellana
279567;klimontowska
468596;"batalionu ak parasol"""
440517;boguszewska
474274;goszczyńskiego
418401;"mariana sengera cichego"""
337870;franciszka salezego jezierskiego
507638;białostocka
373613;hetmańska
474910;spychowska
296149;ustronie
387551;dragonów
341547;"bronisława pietraszewicza lota"""
415294;symfonii
425675;katowicka
311263;żegańska
508259;władysława hassa
472317;fort piłsudskiego
351870;villardczyków
536174;koźmińska
422661;rabsztyńska
312647;poborzańska
425378;walewska
520191;kacpra karlińskiego
537436;j. r. r. tolkiena
549774;ksawerego pruszyńskiego
411296;elegancka
417423;kajetana koźmiana
508128;częstochowska
350417;puławska
419096;fabryczna
340565;siekierkowska
280711;sarabandy
463718;kordiana
366646;secemińska
424595;antka rozpylacza
537511;gocławska
261480;świętokrzyska
385399;giuseppe garibaldiego
452745;bródnowska
278234;uznamska
336695;janowskiego
450230;lubartowska
280951;cieplarniana
290330;pielgrzymów
539955;juliusza kossaka
260582;tuchlińska
378246;żółwia
458344;topograficzna
283384;rakowiecka
394663;nieporęcka
551497;borowiecka
411690;ponarska
406971;karola irzykowskiego
432835;natalii gąsiorowskiej
533276;icchoka lejba pereca
329751;leopolda staffa
534710;józsefa antalla
416828;józefa szujskiego
544750;andrzeja sołtana
437048;kleszczowa
457777;dobosza
269146;korczyńska
422999;sulmierzycka
517341;grodzieńska
336339;zenona klemensiewicza
311489;nasielska
407788;ks. piotra skargi
457030;ananasowa
434681;wędrowców
349192;suchodolska
443752;wojska polskiego
512717;rafała krajewskiego
489450;konotopska
382727;braci pillatich
547460;krzemieniecka
523983;goplańska
406311;krzyżówki
525903;piknikowa
287880;warszawski świt
364262;aleja tysiąclecia
395570;przy torach
273583;aleja dwudziestolatków
500051;sabały
400163;kasztanowa
412552;rumuńska
459863;cytrynowa
369150;wiartel
506734;rycerska
476127;dyniowa
352918;taneczna
364512;mazowiecka
390367;tadeusza hennela
501130;działdowska
468500;magiczna
491857;cypryjska
347263;kadrowa
426829;encyklopedyczna
370354;rawska
399520;"batalionu ak karpaty"""
429967;pięciolinii
303873;marsa
347473;kaspijska
353783;natolińska
516507;batuty
417287;poprawna
363895;złotych piasków
417902;kiełpińska
293288;przejazd
365411;biruty
488887;księżycowa
305015;sejmu czteroletniego
331412;zbigniewa burzyńskiego
547527;oknicka
521894;ryżowa
275068;chotomowska
335173;piastowska
460944;cyraneczki
301550;lelechowska
425789;przyjazna
309104;hery
518605;michała ossowskiego
279571;szlachecka
439977;czerska
296186;okrężna
368822;dzika
287625;rogalińska
308523;zajęcza
540708;pilicka
471538;emila zoli
391499;wersalska
392987;marconich
526444;przy fosie
268409;gen. felicjana sławoja składkowskiego
492734;ksawerego bronikowskiego
426896;drewnicka
291530;wacława gąsiorowskiego
345351;dziatwy
530060;piastów
540521;miączyńska
333633;masztalerska
526634;korsykańska
513310;alpejska
456787;lwowska
472880;ludwika idzikowskiego
368902;minerska
288874;aleje jerozolimskie
532951;baboszewska
466096;aluzyjna - wjazd
304319;węgrowska
392294;aleja wincentego witosa
424257;polskich skrzydeł
462514;bolesława krzywoustego
307512;kruszyńska
262962;fosa
305442;oszmiańska
366824;zdobnicza
510512;jana vermeera
538938;łowcza
367917;plac unii lubelskiej
445755;jurija gagarina
541590;nieszawska
408172;marzanny
283345;plac thomasa woodrowa wilsona
501661;przeworska
467764;szarotki
279334;korzystna
432611;osiecka
429323;aleksandra gierymskiego
470518;miedziana
393346;mirtowa
459485;gościniec
396294;okrąg
447048;benedykta dybowskiego
492306;filomatów
319507;strzelców
511917;przy bernardyńskiej wodzie
445107;ku rzece
353068;czerniowiecka
436398;tarnowiecka
400156;adolfa suligowskiego
366271;łucznicza
348608;wylot
390908;emanuela ringelbluma
412130;kwarciana
379335;tadeusza boya-żeleńskiego
509751;nubijska
466361;turecka
401908;fukierów
446294;husarii
279667;elekcyjna
367576;angorska
344205;wyjazd
492264;bracka
429023;eustachego tyszkiewicza
306886;inżynierska
546778;starodęby
336159;zielna
313115;bełska
513721;sulejkowska
508454;arabska
433859;ostrzycka
455206;jadźwingów
526301;katalońska
498640;naddnieprzańska
506541;świętych cyryla i metodego
422838;migdałowa
502854;heleny kozłowskiej
519334;granitowa
369941;ignacego paderewskiego
324649;księcia trojdena
398114;wędkarska
268303;wacława borowego
282253;promenada
320442;władysława skoczylasa
366209;moniuszki
267408;gen. mikołaja bołtucia
428661;rejonowa
293683;wąwolnicka
355225;ożarowska
468626;gen. bronisława bohaterewicza
486353;ludwika paszkiewicza
306411;aleja marsz. józefa piłsudskiego
270602;ułańska
364085;plac tadeusza kotarbińskiego
485867;okaryny
404309;laurowa
435931;józefa bellottiego
523163;brygady pościgowej
467242;wąchocka
424621;szkolna
372689;stefana pieńkowskiego
502276;bułgarska
377586;skwer adama mickiewicza
348404;szara
430175;11 listopada
280401;mokra
540917;ptasia
440074;stanisława żółkiewskiego
374357;czeladnicza
391463;podgórna
351087;kwiatu paproci
430534;marii cetysówny
525234;rudawska
428482;dominika merliniego
381288;jana ciszewskiego
319839;michała spisaka
471334;wodzirejów
445823;stawki
394669;polska
355287;sternicza
430713;rembrandta
391673;atutowa
507047;brodnicka
466995;piechoty łanowej
437514;zaciszańska
370265;stanisławowska
474311;simóna bolívara
394203;makowska
311806;gniewkowska
503545;bieniewicka
446384;klonowa
262224;tadeusza hołówki
381871;abp. józefa teodorowicza
550261;śląska
332378;juliana bartoszewicza
425467;nowogrodzka
328478;koński jar
397948;"grupy ak krybar"""
287240;nastrojowa
470489;astronomów
259561;okólnik
331360;nagodziców
548354;bratnia
508142;witebska
478907;traktorzystki
358639;folwarczna
380132;ludwika pasteura
400305;pustułeczki
489595;pomorska
522780;huculska
373700;stanisława bodycha
495189;ogrody
382534;osikowa
440160;trembowelska
288833;willowa
444184;gedymina
529646;gotarda
389588;symboliczna
510038;płatków róż
551095;leszno
358533;ludwika nabielaka
298877;daniszewska
459280;chłodnicza
487802;wygodna
338261;janczarów
388725;poniecka
508504;zawodowa
351738;lubiniecka
450693;ks. jana sztuki
371949;bławatków
475633;zofii nałkowskiej
422407;tyśmienicka
336626;brylowska
407460;"grupy ak północ"""
278796;burgaska
263136;starościńska
331027;żurawicka
406325;lucerny
464258;zygmuntów
356276;siedzibna
506597;emila zegadłowicza
307096;wschodu słońca
259192;żurawia
344890;agrarna
405996;"batalionu ak zośka"""
465189;kiedacza
307469;bedřicha smetany
342162;karola marcinkowskiego
522534;osmańczyka
339821;leszka białego
324574;ludwika kickiego
460318;nurmiego
385791;warneńska
396893;1 praskiego pułku wp
503080;skolimowska
518949;witolda lutosławskiego
323036;kirasjerów
333819;nowoczesna
495914;zbąszyńska
529680;niedźwiedzia
438922;złotego smoka
341940;cylichowska
480778;oskara kolberga
444597;filipiny płaskowickiej
459691;sewastopolska
461194;juliana fałata
495862;spiska
309754;zajączkowska
415191;mlądzka
376491;aleksandra patkowskiego
548452;świętojańska
462477;bohaterów warszawy
523169;giuseppe verdiego
281615;koszykowa
427022;juranda ze spychowa
499473;urwisko
310726;adama asnyka
388290;sobolewska
525603;wejherowska
345269;bartnicza
449686;władysława pytlasińskiego
457037;tarnobrzeska
276252;drwęcka
443839;tatrzańska
329610;kawęczyńska
506583;warecka
414615;dubieńska
446693;ignacego kruszewskiego
473499;olszewska
511190;kazimierza kuratowskiego
313246;gustawa daniłowskiego
358468;szkoły orląt
474935;magazynowa
426289;białogońska
405335;gryfitów
400384;kanarkowa
468720;viii poprzeczna
297957;wenus
538188;aleja 4 czerwca
464620;limby
494922;karowa
270436;adama ciołkosza
320634;turbinowa
428013;stefana żeromskiego
508034;łamana
467451;krypska
304528;sozopolska
459118;dostępna
293227;patriotów
448893;tadeusza rejtana
306205;wacława sierpińskiego
474809;chrzanowska
498344;jasnodworska
533830;pańska
320120;rapperswilska
445207;opatowska
512771;edwarda wittiga
521852;sztormowa
536451;karwińska
344771;mazowieckie
359135;prętowa
457323;jana i jędrzeja śniadeckich
283748;frascati
502547;płatnerska
311268;nowosielecka
291981;majowa
484202;frontowa
469639;morelowa
329582;kożuchowska
514352;pielęgniarek
538043;czorsztyńska
293382;kolektorska
527869;notecka
277125;topolowa
272487;katiuszy
412428;żaglowa
484054;kuflewska
380216;kołowa
300213;kluczowa
279691;ignacego domeyki
275023;goleszowska
450184;podbiałowa
500169;gąsocińska
489257;józefa wybickiego
495607;rynek nowego miasta
544223;eugeniusza horbaczewskiego
333967;wałuszewska
386104;"jana bytnara rudego"""
383406;nowowiśniowa
380847;jana pankiewicza
266580;ludwisarska
288903;galopu
396703;anny german
515116;tumska
458154;czesława przybylskiego
398604;wiązana
516659;anieli krzywoń
548582;strońska
350398;okrętowa
340251;czołowa
454627;adama idźkowskiego
291612;krótka
275953;przyokopowa
418677;teofila piecyka
267398;wincentego witosa
296242;lekka
441225;stawy
480921;barcicka
541859;warszawska
509636;dęby
354534;tyniecka
352043;trakt lubelski
314110;akcent
305559;goplańska
265578;ludwinowska
401505;krzywińska
401317;brzozowa
526711;handlowa
369090;łomżyńska
418584;dworkowa
546070;zaciszna
402332;tadeusza sygietyńskiego
388244;aleja kazimierza kumanieckiego
408748;kanadyjska
323446;wawrzyszewska
407832;kołobrzeska
386383;królowej bony
363529;krymska
414088;dąbrowszczaków
513083;morszyńska
490376;ułańska
301165;arkadowa
515820;tadeusza joteyki
301404;juliusza kaden-bandrowskiego
344341;galla anonima
300427;konrada guderskiego
405352;masłowiecka
546099;raszyńska
290095;animuszu
329676;czerwonej jarzębiny
475568;prudnicka
357957;aleja zjednoczenia
330143;kasztanowa
492719;piekarska
413078;kiprów
400629;stocka
281339;władysława smoleńskiego
309393;henryka siemiradzkiego
474011;wawelska
277563;rybna
261526;przyrodnicza
460252;marokańska
325722;rumiana
414436;estrady
348162;jałtańska
310243;giordana bruna
484416;przytyk
311990;cynamonowa
394926;rybnicka
513079;jana zamoyskiego
300508;krzysztofa kiersnowskiego
298682;rzeźbiarska
296454;dzikich jabłoni
371410;prochowa
474330;jaktorowska
441537;brzezińska
536987;mrągowska
308139;krakowskie przedmieście
291514;romana maciejewskiego
311816;dworkowa
345468;gliniana
488224;arbuzowa
334607;janusza groszkowskiego
499853;wenantego burdzińskiego
282888;oskara langego
376969;jerzego bukowskiego
462980;jaworzyńska
349732;zygmunta vogla
358911;gandalfa
542658;potockich
493775;romualda gutta
440548;mostowa
410398;wrzesińska
492729;czynszowa
284174;grajewska
549505;aleja polski walczącej
532959;wacława lachmana
328425;skwer jacka kaczmarskiego
286606;taborowa
348895;"płk. mieczysława niedzielskiego żywiciela"""
353938;próchnika
277548;bellony
440716;moździerzy
287369;daglezji
463217;zaściankowa
520992;grotowska
388280;meblowa
535098;lustrzana
493214;okocimska
362267;gąbińska
340285;szturmowa
416271;pabla picassa
515957;popradzka
362810;arkadyjska
404572;dunajecka
318188;augusta cieszkowskiego
266658;kacza
345581;toruńska
301317;garażowa
457548;bluszczowa
291741;ludwika mierosławskiego
443081;wojciecha bogumiła jastrzębowskiego
323263;nalewki
444384;płowiecka
409303;świetlików
531821;antoniego fontany
460090;rakietników
363033;armanda călinescu
333461;mikołaja wierzynka
520704;pogodna
259689;gębicka
259823;tucholska
549104;libijska
499424;egipska
336995;błotna
504124;nasienna
451712;sztuk pięknych
500534;boremlowska
392263;karczocha
308093;ogniowa
392213;szpitalna
450371;mieczysława frenkla
369896;emiliana konopczyńskiego
307691;gwarków
290362;rycerstwa polskiego
464969;orłowska
527531;lotaryńska
451535;antyczna
327248;mazowieckie
492001;bukowiecka
311052;fiołków
296962;wilczycka
348520;wiślanych pól
436176;wolicka
486717;solankowa
296856;żwirki i wigury
279024;korytnicka
457867;sewerynów
290533;plac mirowski
494876;otwocka
494023;jana brożka
287375;mieczysława orłowicza
264576;rondo daszyńskiego
496645;marynin
268558;nadwiślańska
482616;szeroka
503228;józefa nusbauma-hilarowicza
287981;regulska
471608;śpiewna
338221;skrzatów
445097;czerwonego krzyża
297610;wysokomazowiecka
437744;magnolii
309220;kaszubska
526589;nakielska
487410;williama heerleina lindleya
334213;włoska
259986;mazowieckie
522394;zaniemyska
432868;farbiarska
548873;pęcherska
431573;wolbromska
336267;elektoralna
370800;plac na rozdrożu
407615;eugeniusza romera
339878;grenady
357313;dalanowska
270844;dobrowoja
506634;wiślana
463788;wawrzyńca żuławskiego
291487;bertolta brechta
379158;reniferowa
528917;miodowa
531189;resorowa
426583;rębkowska
474235;romana pazińskiego
265190;zakopiańska
523917;filtrowa
270036;kpt. władysława raginisa
387171;pastuszków
347822;juliana ursyna niemcewicza
312161;kramarska
530108;jana cybisa
509701;oboźna
540151;smyczkowa
359103;stefanii sempołowskiej
431655;arkuszowa
271340;antoniego malczewskiego
523951;włady majewskiej
497353;cyprysowa
401783;wspólna
415527;zdziarska
415900;jeziorowa
542961;franciszka hynka
521670;akermańska
263543;cierlicka
531440;plac farmacji
538392;jana zamoyskiego
528285;kolektorska
534159;pęcicka
479036;gen. bolesława szareckiego
387400;cyrulików
314919;ogrody przyjaciół
304792;kulczycka
475468;trocka
423115;złocienia
539623;południowa
426818;rondo organizacji narodów zjednoczonych
373328;suwak
518321;rondo ignacego daszyńskiego
405009;stradomska
305967;mazowieckie
505250;goraszewska
291841;zygmunta pawlaczyka
258778;szumna
445939;beskidzka
348911;sęczkowa
482565;mistrzowska
346425;łuki małe
354397;mątwicka
390471;roalda amundsena
296920;przygodna
487442;andrzejowska
535238;józefa sułkowskiego
271104;antoniewska
367128;kmicica
478747;serocka
262871;łodygowa
285162;okularowa
329400;ziębicka
337222;przy grodzisku
482787;plac konfederacji
363941;klecka
402967;ursynowska
341088;wiślana
272714;ligocka
544566;ernesta malinowskiego
321267;na grobli
528808;kozietulskiego
379536;tadeusza czackiego
303893;kolumbijska
505570;nowowiejska
512140;brzoskwiniowa
302043;zalipie
279604;archimedesa
433459;przy parku
516140;wojciecha gersona
498472;akademicka
444428;tukana
270558;rękodzielnicza
284220;oławska
444079;melodyjna
526127;łyżwiarska
544515;jórskiego
369313;ludwika krzywickiego
438890;krasnowolska
372602;wiśniowa
543611;rezedowa
373261;lęborska
456659;trombity
286264;marsa
271245;gdecka
478219;plac zamkowy
334981;michała reichera
523188;cypriana kamila norwida
289033;poleczki
365903;trzech budrysów
387779;relaksowa
395924;zaułek
445793;inspektowa
514532;słowicza
360664;babicka
382221;stanisława pyjasa
389490;poświaty
455058;edwarda józefa abramowskiego
450320;kolendrowa
494628;bychowska
288141;wawerska
478582;karola szajnochy
267378;plac trzech krzyży
277479;emilii gierczak
290217;oleandrów
258848;brzozowa
414330;marysińska
401459;darłowska
279127;łącząca
402523;wiedeńska
339963;powązkowska
458724;aleksandra sulkiewicza
509834;targowa
509699;szubińska
538840;płużańska
457192;spacerowa
360209;strażacka
496576;stanisława lentza
357101;panieńska
390373;wielostronna
513939;boryszewska
350603;tadeusza kościuszki
548778;sąsiedzka
507635;lubaszki
344964;leonarda
341959;nowowiejska
533915;jana szczepanika
296025;zdrojowa
356068;stefana batorego
410627;nowosielecka
351255;pszczółki mai
400580;gen. stanisława sosabowskiego
467942;szafarzy
500370;cicha dolina
509431;lipowa
523820;armatnia
528631;gen. lucjana żeligowskiego
458789;peszteńska
430577;jarocińska
325973;cypriana godebskiego
279938;bieżanowska
384811;styrska
460688;kutnowska
399970;stara
475705;wielkiego dębu
434481;lędzka
285732;chlewińska
283338;sztabowa
489656;łukiska
415167;kwitnących jabłoni
541152;wacława żenczykowskiego
549035;zgierska
331111;równa
358401;zbierska
308116;las kabacki
446564;pála telekiego
495822;tarczyńska
522046;królewicza jakuba
466360;karczewska
413755;cyrklowa
346610;literacka
550295;ratuszowa
322974;potułkały
495845;podleśna
310970;narożna
369993;sybilli
297661;czapli
550263;macieja sarbiewskiego
478170;ochocka
275486;zygmunta glogera
272281;warowna
395503;szybowcowa
402177;szafrańców
418350;rodła
520352;tytoniowa
262728;rzędzińska
540245;tadeusza gajcego
398745;stylowa
496532;maurycego mochnackiego
496018;lewicka
490638;powązkowska
259803;mazowieckie
476349;karatowa
275694;barszczewska
412335;spartańska
522904;derby
541066;spokojna
430760;delfina
284703;mieczysława niedziałkowskiego
368482;1 praskiego pułku wp
410789;mazowieckie
261200;mazowieckie
510686;kwiatowa polana
413581;gruzińska
312575;szwoleżerów
373443;karola linneusza
507214;stanisława ligonia
548903;kazimierza wóycickiego
383334;kameliowa
508173;pawła edmunda strzeleckiego
451841;bohuna
329946;jakuba jasińskiego
462478;kosiarzy
311183;"batalionu ak bałtyk"""
414439;pląsy
296338;ordynacka
515505;niemirowska
412041;stanisława lencewicza
463862;białozora
459607;gen. milana štefánika
328587;stefana drzewieckiego
481135;obarowska
357864;wagonowa
336992;gen. mariusza zaruskiego
504803;celna
296776;gen. stanisława maczka
415044;płatnicza
316722;kolady
398248;barwnicza
337586;szczekocińska
329656;esej
518792;teodora axentowicza
370300;janiszowska
280214;andyjska
385632;jesiennych liści
277855;fundamentowa
391375;falęcka
336126;piasta kołodzieja
305864;piotra gruszczyńskiego
418384;wokalna
543584;brygadzistów
258659;bolecha
323611;kaszmirowa
517291;laskowa
530811;olszynki grochowskiej
420923;kujawiaka
492706;mahatmy gandhiego
389911;męcińska
369877;zaczarowanej dorożki
402022;przyce
544486;drohobycka
313287;słubicka
454999;agrestowa
282063;magistracka
496261;brukselska
520009;herbu korczak
433170;petera frasera
366897;porzeczkowa
547466;plac piotra szembeka
299772;władysława reymonta
377962;piłkarska
381085;olsztyńska
283958;orężna
433826;skokowa
543308;maćka z bogdańca
270612;pułtuska
453649;cichociemnych
305815;leśniczówka
302411;startowa
385085;wiktorii wiedeńskiej
476581;ostrobramska
536879;krośniewicka
445818;alzacka
426607;skwer reduty kaliskiej
480945;tawerny
406056;marynarska
289393;karola borsuka
484353;tytusa chałubińskiego
327182;rusiecka
318976;mosiężna
288991;teodora toeplitza
453457;figowa
271618;begonii
347529;błękitna
359372;bodzanty
466414;stacja metra stokłosy
308781;ornecka
321891;podróżnicza
380645;domenica scarlattiego
345638;mazowieckie
337457;wydmińska
517763;bugaj
494746;kaleńska
492070;bukowska
340414;goworowska
263660;marsa
415152;rajskich ptaków
300851;wolumen
470424;jana młota
367961;panny wodnej
528063;metalowców
426657;wyszkowska
360008;śpiewu ptaków
504223;bronowska
295585;ikara
274777;gładka
297168;jagny
482288;aleja harcerzy rzeczypospolitej
532037;zesłańców polskich
334319;św. szczepana
305626;parafialna
301363;dzielna
303877;łysogórska
335067;czeska
523106;hektarowa
387837;henryka barona
373605;jemiołuszki
389836;myśliwiecka
333280;kozia
293427;browarna
336233;jana styki
309668;aleja armii krajowej
431968;rondo wiatraczna
392686;pabianicka
276824;kryształowa
397684;kwiatowa
431243;księżycowa
549919;marii konopnickiej
412776;romea i julii
333699;służewska
396044;"stacja metra świętokrzyska"""""
322883;okuniewska
426882;plac czesława niemena
392078;jaśminowa
390514;buszycka
536869;kokosowa
482777;słodowiecka
549683;płk. zoltána baló
371542;"józefa mireckiego montwiłła"""
504007;tynkarska
452786;henryka opieńskiego
402267;kuligowska
274034;legendy
505238;bajońska
510607;zbigniewa pieniążka
449906;złotej jesieni
285042;diamentowa
369324;jana szałka
459704;krasnołęcka
303492;nadrzeczna
469432;czerwińska
534476;dęblińska
415732;nowińska
492393;witolda rychtera
487804;marywilska
540850;tramblanki
292348;jerzego waldorffa
352898;jagielska
516786;parowcowa
505671;węgierska
523864;garncarska
361390;myszkowska
407794;stanisława szobera
457667;wzorcowa
449421;stanisława kunickiego
521551;jana karola chodkiewicza
542663;stanisława skarżyńskiego
540354;cymbalistów
549236;podkowy
388762;józefa balcerzaka
530891;plac gabriela narutowicza
544353;plac żelaznej bramy
397326;św. teresy
372027;mszczonowska
338338;karola kurpińskiego
401617;potoki
277082;fortepianowa
339116;sady zawadowskie
299501;ostrołęcka
432569;"pułku ak waligóra"""
358496;sycylijska
335646;raoula wallenberga
389901;krzysztofa kamila baczyńskiego
543481;stefana jaracza
319380;golfowa
393661;mielecka
467683;strąkowa
523758;xii poprzeczna
329352;awionetki rwd
459947;drukarzy
459141;lotnicza
419406;kolonijna
321610;henryka sienkiewicza
312128;zarośla
334858;hodowlana
323891;balbinki
327198;sklepowa
359488;michała kajki
288004;zielona
298894;łuki wielkie
388997;hejnałowa
276123;wolności
273531;marcina bielskiego
466672;parnas
279628;imbirowa
429774;józefa hoene-wrońskiego
509643;sprzeczna
436638;jowisza
410063;środkowa
326946;poezji
451742;urugwajska
365224;ludomira różyckiego
318952;połczyńska
458982;morwowa
530417;lekarska
387463;republikańska
369790;piotrkowska
353182;warmińska
524779;jana sibeliusa
446415;padewska
468207;kuszników
436009;"batalionu ak pięść"""
270911;kobryńska
274743;sasanki
317575;stanisława chudoby
452607;stopowa
429752;szybka
356312;promienna
410468;prezydencka
512857;kiermaszowa
260951;podwójna
504483;izbicka
390408;morskie oko
313320;plac grzybowski
418712;strzygłowska
468347;jaworzniaków
340327;trojańska
271663;cieślewskich
439702;dzikiej kaczki
310778;czesława witoszyńskiego
319711;béli bartóka
535354;mariana pisarka
292805;juliusa fučíka
402804;sochaczewska
326179;stare nalewki
387708;ludwiga van beethovena
260745;chorzowska
533774;"kazimierza sotta sokoła"""
293911;legnicka
486791;leśnej jeżyny
332179;tylna
344120;hajduczka
309556;szlachecka
404007;jantarowy szlak
422841;betonowa
320243;głucha
451470;władysława szernera
369281;adampolska
348661;gniewkowska
264342;grzegorza fitelberga
268567;jana kilińskiego
536674;elizy orzeszkowej
518138;dźwigowa
393473;borkowska
342513;tużycka
379523;urocza
476842;szczotkarska
471884;kurhan
412959;groszowicka
336124;mozaikowa
348575;aleja dzieci polskich
343615;edwarda szymańskiego
310299;rondo aleksandra żabczyńskiego
362146;konwiktorska
431944;olimpijska
500763;aleja jana pawła ii
390553;derkaczy
460400;pontonierów
425190;"aleja jana rodowicza anody"""
472950;budnicza
440309;wergiliusza
364558;wyrzyska
399123;samochodowa
366383;dolnośląska
356764;sebastiana klonowicza
511447;nutki
333142;św. maksymiliana kolbego
402803;zygmunta markerta
480135;stefana pogonowskiego
496854;wąski dunaj
516279;jacka i agatki
444026;czesława kłosia
470627;stanisława żółkiewskiego
544484;bolesława orlińskiego
467027;jana dantyszka
385550;kujawska
521231;ignacego maleckiego
426185;grawerska
289124;czarnołęcka
264391;kąkolowa
457724;kamienna
402765;przyłęcka
357814;bursztynowa
343902;młodzieży
533913;homera
380612;leśnych ziół
447938;ciesielska
321487;pana tadeusza
344619;ii poprzeczna
400782;estońska
350731;wiklinowa
355931;stanisława witkiewicza
314061;aleja józefa becka
269306;fortel
301712;familijna
464654;olszynowa
465117;płońska
479077;krokusów
350266;św. jacka odrowąża
326057;kazimierza zarankiewicza
477124;głogowa
405802;stoczkowska
483207;ogólna
525543;spójni
423862;pośrednia
538304;obornicka
325587;ulrychowska
368906;daszowska
284104;króżańska
387795;konwaliowa
279470;faworytki
480389;dzięcioła
344963;królowej aldony
362421;słupecka
502591;zakątna
327874;chyrowska
465259;uniwersytecka
307687;łuczek
546309;dorodna
406180;kryniczna
408475;kazimierza pułaskiego
272881;filarecka
338444;szczęśliwa
550791;bohaterów
501641;leopolda lisa-kuli
429216;koniczynowa
505591;żywokostowa
282874;giermków
387662;lalki
344447;kapelanów armii krajowej
391637;franciszka szuberta
431661;juliana kulskiego
349531;alfreda nobla
467962;podgrodzie
380883;dolomitowa
548573;królowej jadwigi
340592;wałowicka
313860;kosynierów
451174;zapałczana
540374;spiralna
477327;stary dwór
442516;szarych szeregów
446672;hugona steinhausa
304642;józefa ignacego kraszewskiego
523147;ostra
342662;plac artura zawiszy
350336;plac stanisława małachowskiego
366219;julianowska
319989;długa
386834;szczawnicka
410575;nieborowska
348151;łąkocińska
549199;długopolska
375771;peonii
497027;menueta
284149;"aleja solidarności"""
413611;tytułowa
329216;naczelnikowska
438742;sierpecka
291232;jedwabnicza
345508;marii kazimiery
353941;saperska
390314;krakowiaków
263269;zygmunta iii
462559;leliwitów
270529;"zbigniewa gęsickiego juno"""
536540;sadurka
433899;krobińska
358556;marmurowa
349100;kowelska
535409;kostrzyńska
269304;miłobędzka
488081;gratyny
443352;motycka
476300;szepietowska
446943;berneńska
521546;teofila lenartowicza
318091;jana kiepury
407174;ix poprzeczna
339860;liryczna
482241;chorągwi pancernej
377665;poręby
474723;arbuzowa
259453;henryka łasaka
493873;figiel
269029;czwartaków
458389;arachidowa
484900;lądowa
462768;bitwy pod lenino
267204;podmiejska
425603;danusi
405054;optyczna
413829;bajaderki
292206;marii rodziewiczówny
297582;pastelowa
349899;henryka melcera-szczawińskiego
329888;józefa zaliwskiego
480675;srebrnogórska
468480;lewandów
543737;józefa chmiela
345319;władysława witwickiego
500256;trzykrotki
313462;święciańska
525741;łacińska
276363;leonidasa
449615;swarzewska
414059;miła
274840;dekarska
420501;żwanowiecka
308937;stanisława konarskiego
496867;stanisława jachowicza
416632;kołacińska
289651;sygnetowa
380964;fletniowa
406858;kokosowa
282083;dalii
529359;marii pawlikowskiej-jasnorzewskiej
551128;przedmiejska
544745;zbytki
389861;borecka
319157;mikołaja sępa-szarzyńskiego
272024;cyklamenów
354527;kuropatwy
340050;tarnogórska
470754;zbocze
278601;długomiła
447287;przydrożna
432331;romańska
260938;św. marii magdaleny
494826;ramowa
284105;żyrardowska
260677;lawinowa
549861;kanonierska
415658;topazowa
329240;modrzewiowa
289956;bolesława gidzińskiego
524386;kąty grodziskie
419324;studencka
504990;iv poprzeczna
548364;poezji
459877;prymulki
394954;plac krasińskich
442897;wschodnia
448287;plac dionizego henkla
384502;marii kazimiery
448937;lucjana rydla
312443;rynek solecki
337003;zapłotek
392725;pelplińska
376958;rolna
444714;rondo miłosna
381458;dwóch mieczy
392361;porannej bryzy
404413;radosna
320857;żeglarska
310686;kosmatki
319482;skalnicowa
495705;fosa
262588;swojska
357905;wespazjana kochowskiego
351696;radziłowska
271666;kwitnącej łąki
472256;józefa piusa dziekońskiego
499409;łukasza drewny
378439;henryka ii pobożnego
411086;ezopa
377615;słowicza
352873;hieroglif
322175;kazimierza wielkiego
390290;aleja wilanowska
415018;dywizjonu
316993;redaktorska
457787;długorzeczna
341620;europejska
463288;wiktoryn
464593;morawska
437422;bł. ładysława z gielniowa
385924;cegłowska
353663;śliska
374755;or-ota
350106;mieczysława wajnberga
401614;lambady
322266;architektów
512893;"batalionu ak olza"""
478653;św. patryka
294892;stefana korbońskiego
505933;franciszka bohomolca
502460;henrykowska
415985;mieczysława szczuki
374415;gilarska
503542;stelmachów
473298;renety
505027;dymkowska
470892;staszowska
415064;traktorzystów
538970;siodlarska
474745;nizinna
472298;koryncka
414187;świebodzińska
477582;wirażowa
274512;"mjr. franciszka michała amałowicza tatara"""
440253;zaokopowa
497786;mieczysława pawlikowskiego
486264;jesiotrowa
413086;zwrotnicza
415970;rozwojowa
499271;aleja przyjaciół
529165;źródlana
529590;ruskowy bród
538752;popiela
476922;muszkieterów
287264;kamykowa
402382;aleksandra wejnerta
504302;jakubowska
497798;antoniego solariego
500589;geologiczna
492365;sędziowska
326566;józefa czechowicza
269876;glebowa
473329;okrągła
521051;holenderska
341011;płomyka
526235;adama mickiewicza
375366;sóweczki
428496;dolina służewiecka
352575;kadetów
288628;rysia
400166;rotmistrzowska
529656;łotewska
314592;jerzego beniamina flatta
469031;duchnicka
418270;słupska
510553;stanisława leszczyńskiego
421884;św. wojciecha
485187;fregaty
276573;zimna
356652;karczunkowska
518129;starego dębu
405413;borków
277407;aleja róż
538093;elżbiety drużbackiej
325092;konstantego ildefonsa gałczyńskiego
485347;inna
283611;szklarniowa
347301;"skwer stefana kisielewskiego kisiela"""
393679;urodzajna
512158;franciszka adolfa achera
404282;kościelna
258737;kiejstuta
510836;ustronna
383933;unicka
